/*
SQLyog Ultimate v12.09 (64 bit)
MySQL - 5.7.19 : Database - eapi
*********************************************************************
*/

/*!40101 SET NAMES utf8 */;

/*!40101 SET SQL_MODE=''*/;

/*!40014 SET @OLD_UNIQUE_CHECKS=@@UNIQUE_CHECKS, UNIQUE_CHECKS=0 */;
/*!40014 SET @OLD_FOREIGN_KEY_CHECKS=@@FOREIGN_KEY_CHECKS, FOREIGN_KEY_CHECKS=0 */;
/*!40101 SET @OLD_SQL_MODE=@@SQL_MODE, SQL_MODE='NO_AUTO_VALUE_ON_ZERO' */;
/*!40111 SET @OLD_SQL_NOTES=@@SQL_NOTES, SQL_NOTES=0 */;
CREATE DATABASE /*!32312 IF NOT EXISTS*/`eapi` /*!40100 DEFAULT CHARACTER SET latin1 */;

USE `eapi`;

/*Table structure for table `migrations` */

DROP TABLE IF EXISTS `migrations`;

CREATE TABLE `migrations` (
  `id` int(10) unsigned NOT NULL AUTO_INCREMENT,
  `migration` varchar(255) COLLATE utf8mb4_unicode_ci NOT NULL,
  `batch` int(11) NOT NULL,
  PRIMARY KEY (`id`)
) ENGINE=InnoDB AUTO_INCREMENT=9 DEFAULT CHARSET=utf8mb4 COLLATE=utf8mb4_unicode_ci;

/*Data for the table `migrations` */

insert  into `migrations`(`id`,`migration`,`batch`) values (5,'2014_10_12_000000_create_users_table',1),(6,'2014_10_12_100000_create_password_resets_table',1),(7,'2018_01_13_111616_create_products_table',1),(8,'2018_01_13_111857_create_reviews_table',1);

/*Table structure for table `password_resets` */

DROP TABLE IF EXISTS `password_resets`;

CREATE TABLE `password_resets` (
  `email` varchar(255) COLLATE utf8mb4_unicode_ci NOT NULL,
  `token` varchar(255) COLLATE utf8mb4_unicode_ci NOT NULL,
  `created_at` timestamp NULL DEFAULT NULL,
  KEY `password_resets_email_index` (`email`)
) ENGINE=InnoDB DEFAULT CHARSET=utf8mb4 COLLATE=utf8mb4_unicode_ci;

/*Data for the table `password_resets` */

/*Table structure for table `products` */

DROP TABLE IF EXISTS `products`;

CREATE TABLE `products` (
  `id` int(10) unsigned NOT NULL AUTO_INCREMENT,
  `name` varchar(255) COLLATE utf8mb4_unicode_ci NOT NULL,
  `detail` text COLLATE utf8mb4_unicode_ci NOT NULL,
  `price` int(11) NOT NULL,
  `stock` int(11) NOT NULL,
  `discount` int(11) NOT NULL,
  `created_at` timestamp NULL DEFAULT NULL,
  `updated_at` timestamp NULL DEFAULT NULL,
  PRIMARY KEY (`id`)
) ENGINE=InnoDB AUTO_INCREMENT=51 DEFAULT CHARSET=utf8mb4 COLLATE=utf8mb4_unicode_ci;

/*Data for the table `products` */

insert  into `products`(`id`,`name`,`detail`,`price`,`stock`,`discount`,`created_at`,`updated_at`) values (1,'praesentium','Explicabo aspernatur reprehenderit velit itaque et. At molestias voluptas ex molestiae aliquid voluptas architecto. Praesentium eum iusto sed animi et nam.',129,8,14,'2018-01-13 15:56:09','2018-01-13 15:56:09'),(2,'a','Quia magnam nesciunt delectus recusandae modi dicta aut. Reprehenderit eos repellendus nisi sed quia quis ea.',372,0,4,'2018-01-13 15:56:09','2018-01-13 15:56:09'),(3,'ipsum','Quis fugit vero est placeat deleniti ex. Enim est qui sed sit voluptatum. Illo sed natus similique et repellendus ut ducimus. Aut aut ut voluptas fugit qui minus.',543,0,12,'2018-01-13 15:56:09','2018-01-13 15:56:09'),(4,'sit','Vel qui pariatur quia aperiam cupiditate deleniti. Recusandae itaque et saepe cum totam. Earum eos sunt et laudantium soluta. Corporis in perspiciatis ducimus aperiam sit numquam.',238,3,22,'2018-01-13 15:56:09','2018-01-13 15:56:09'),(5,'ducimus','Voluptatem alias eum non fuga. Est odio nisi qui fugit quo harum.',485,7,2,'2018-01-13 15:56:09','2018-01-13 15:56:09'),(6,'voluptatem','Maxime id consequatur eos blanditiis repudiandae sit recusandae. Ipsa amet et et asperiores velit asperiores dolorum. Veniam ut dolore illum similique sed. Soluta sit perferendis odio voluptatem modi quibusdam.',429,3,21,'2018-01-13 15:56:09','2018-01-13 15:56:09'),(7,'rerum','Rerum odit asperiores voluptas accusantium nihil. Adipisci ut sed doloremque nisi. Quibusdam sunt cupiditate aspernatur nisi delectus ullam.',423,2,3,'2018-01-13 15:56:10','2018-01-13 15:56:10'),(8,'possimus','Eligendi eos ea illo perferendis doloremque totam. Magni quo omnis non et est ea minima. Odio sunt aut aut velit ipsa nihil. Ullam autem molestias quia aspernatur. Possimus est praesentium nesciunt qui doloremque.',967,4,15,'2018-01-13 15:56:10','2018-01-13 15:56:10'),(9,'voluptatibus','Voluptatem praesentium id nesciunt eaque omnis et tenetur. Dolore dolore veritatis sed eaque iste iusto ad. Labore pariatur ipsum ad animi vel.',350,5,23,'2018-01-13 15:56:10','2018-01-13 15:56:10'),(10,'quia','Aut rem sit enim enim. Aspernatur sapiente libero possimus soluta hic nulla a. Aut eveniet et dolorem recusandae a qui ipsam. Ipsam delectus ratione aut tenetur ipsam.',286,4,15,'2018-01-13 15:56:10','2018-01-13 15:56:10'),(11,'placeat','Est ea illo dignissimos voluptatem. Explicabo eius rerum et illo sit. Qui ea adipisci in voluptatum et. Totam voluptas velit vitae dolorem.',898,9,21,'2018-01-13 15:56:10','2018-01-13 15:56:10'),(12,'qui','Aut similique rem illum suscipit ut reiciendis. In delectus corporis veritatis est ipsum omnis. Voluptas et consequuntur recusandae.',173,7,12,'2018-01-13 15:56:10','2018-01-13 15:56:10'),(13,'esse','Ut cumque consectetur voluptate est atque omnis. Et minima sapiente minima laboriosam optio deleniti. Quibusdam illum cumque dolore soluta aut ex.',570,7,25,'2018-01-13 15:56:10','2018-01-13 15:56:10'),(14,'sed','Eius quis reiciendis repudiandae est totam. Inventore quisquam corrupti cum ut. Incidunt accusamus eos doloribus ut ut.',252,5,12,'2018-01-13 15:56:10','2018-01-13 15:56:10'),(15,'aperiam','Esse possimus debitis temporibus eaque suscipit. Rerum ullam repudiandae voluptatem assumenda aut esse quam. Et deleniti et earum sed debitis odit rerum.',947,1,23,'2018-01-13 15:56:10','2018-01-13 15:56:10'),(16,'explicabo','Illo in nobis id eum. Tempora labore cupiditate amet. Eum non aliquam atque labore. Et qui necessitatibus sunt voluptas.',177,0,29,'2018-01-13 15:56:10','2018-01-13 15:56:10'),(17,'unde','Modi minus commodi et nulla sed qui voluptatem occaecati. Commodi quis tenetur accusantium expedita et.',449,4,15,'2018-01-13 15:56:10','2018-01-13 15:56:10'),(18,'est','Possimus quod alias aliquid numquam mollitia ea. Ab quasi eos quos tenetur quia aut. Quia quis qui sit provident in odit. Officia voluptates fugit ad dolores aperiam eos et aperiam.',207,5,30,'2018-01-13 15:56:10','2018-01-13 15:56:10'),(19,'saepe','At consectetur eum sint qui. Unde explicabo est repellat velit optio non omnis porro. Est quia minima et. Aut rem qui voluptatem quibusdam placeat ipsa autem placeat.',146,3,15,'2018-01-13 15:56:10','2018-01-13 15:56:10'),(20,'at','Optio sed molestiae non esse. Sapiente et nam tempore harum sit vero. Sunt et beatae deleniti culpa magnam adipisci. Omnis sunt nemo deserunt temporibus voluptatibus.',577,3,5,'2018-01-13 15:56:10','2018-01-13 15:56:10'),(21,'ullam','In sed eos porro. Voluptas quaerat expedita ipsam quis. Fugit nostrum asperiores unde aperiam eum.',670,1,17,'2018-01-13 15:56:10','2018-01-13 15:56:10'),(22,'quia','Provident dolores eligendi quia blanditiis. Et ducimus quo error voluptas nihil non. At qui facilis aut eaque excepturi esse voluptatum.',860,8,21,'2018-01-13 15:56:10','2018-01-13 15:56:10'),(23,'magni','Et architecto totam nostrum officiis inventore quae nam qui. Consectetur beatae corporis illo odit officia ea saepe. Fugiat rerum laborum voluptas quam et. Eius sed porro ad.',995,5,10,'2018-01-13 15:56:10','2018-01-13 15:56:10'),(24,'aut','Qui ipsam et voluptate velit quaerat blanditiis voluptatibus. Iste consequatur repellendus est est voluptatum et repellat. Architecto ut inventore commodi inventore sit. Et velit quia consequatur alias.',833,5,5,'2018-01-13 15:56:10','2018-01-13 15:56:10'),(25,'voluptatem','Dignissimos eaque non iure aut temporibus vel. In tempora dolorem non quia deserunt sequi dicta. Temporibus consectetur ipsa minima rerum expedita.',650,7,10,'2018-01-13 15:56:10','2018-01-13 15:56:10'),(26,'laboriosam','Omnis quia nihil dolorem. Aut alias dignissimos adipisci consequatur sit sint deserunt animi. Ipsa debitis quaerat quam aliquam vel nemo.',878,5,29,'2018-01-13 15:56:10','2018-01-13 15:56:10'),(27,'recusandae','Vitae expedita qui voluptas iure qui non enim. Id perferendis similique ut nihil voluptatem quasi. Aliquid qui molestiae accusantium aperiam natus. Quo autem maiores recusandae nihil cum odit aut. Aut officiis optio dolores ab ut velit et.',909,9,19,'2018-01-13 15:56:10','2018-01-13 15:56:10'),(28,'repudiandae','Dolor sit ut fugiat et at accusamus molestias. Non sit dolorum aut recusandae dolorum. Ea unde rerum deleniti quo perferendis aut.',859,4,29,'2018-01-13 15:56:10','2018-01-13 15:56:10'),(29,'et','Aut voluptatibus ad eveniet totam est sit blanditiis sequi. Dolorum minus consequatur ut ullam velit cumque. Aut corrupti sit magni aut.',942,7,8,'2018-01-13 15:56:10','2018-01-13 15:56:10'),(30,'dolorem','Ex sed velit laboriosam qui doloribus accusantium molestias voluptatem. Et et laudantium et minus est expedita. Molestiae error explicabo ipsam. Harum dolor vero eius pariatur atque.',437,2,13,'2018-01-13 15:56:10','2018-01-13 15:56:10'),(31,'consequatur','Nam odio quidem dolor adipisci. Neque nobis placeat dolores vel accusamus animi natus itaque. Aut doloribus voluptatem ut repellendus animi. Vero perferendis tempora quam odit minima.',638,2,16,'2018-01-13 15:56:10','2018-01-13 15:56:10'),(32,'et','Quia consequatur voluptas excepturi non enim quisquam. Animi et consequatur tenetur. Esse non labore aliquam ullam voluptatem sit.',196,8,5,'2018-01-13 15:56:10','2018-01-13 15:56:10'),(33,'doloribus','Et quia blanditiis debitis sequi doloribus. In corporis consequatur itaque voluptatibus quis est. Autem libero occaecati debitis quis repudiandae.',896,9,7,'2018-01-13 15:56:11','2018-01-13 15:56:11'),(34,'maxime','Neque dolor praesentium rerum maiores cum doloremque. Quia qui quae qui. Doloribus harum dolores est voluptatem. Odio consectetur illum omnis natus. Dolor minus natus nihil voluptas.',589,7,8,'2018-01-13 15:56:11','2018-01-13 15:56:11'),(35,'dolorum','Ea in ut recusandae voluptates. Dolorem qui accusantium laudantium. Aperiam ea ipsa dolore blanditiis dolor voluptatibus. Alias error quaerat placeat temporibus.',437,7,17,'2018-01-13 15:56:11','2018-01-13 15:56:11'),(36,'quo','Omnis est architecto vel ea. Et iste aperiam amet provident libero in. Minus enim a corporis sit vel. Natus veritatis nesciunt minima molestiae non quis repudiandae maxime.',172,8,22,'2018-01-13 15:56:11','2018-01-13 15:56:11'),(37,'reiciendis','Placeat et quaerat voluptatem eveniet. Eaque dolorem rerum possimus id recusandae. Autem id voluptatem odit sit. Maiores cupiditate numquam eligendi facilis dolore optio.',423,0,9,'2018-01-13 15:56:11','2018-01-13 15:56:11'),(38,'magnam','Itaque quia eaque illo qui consequatur ex nostrum. Aut debitis impedit aut. Non commodi fuga officiis iure dolorem cupiditate rem. Numquam facere nihil asperiores quia.',233,4,6,'2018-01-13 15:56:11','2018-01-13 15:56:11'),(39,'voluptas','Dolorum et maxime sit et quo ullam. Sunt fugit hic placeat in recusandae ad officiis. Molestiae ut doloremque ratione velit fuga aut sed ipsam. Cum dolor consectetur voluptatum in autem optio nemo.',500,0,29,'2018-01-13 15:56:11','2018-01-13 15:56:11'),(40,'asperiores','Excepturi in sed similique natus. Et alias doloribus ea quae.',222,3,8,'2018-01-13 15:56:11','2018-01-13 15:56:11'),(41,'eum','Perferendis alias quia quam corrupti odit doloremque. Et dolorem tempora sed voluptatibus enim laborum. Magni atque rem incidunt reiciendis voluptate est voluptatum. Cupiditate doloribus possimus fugiat labore ipsa.',588,1,2,'2018-01-13 15:56:11','2018-01-13 15:56:11'),(42,'aut','Tempore quod voluptas debitis veritatis et. Sunt unde ut iusto sed deleniti. Animi quis magnam rerum tempora dolorem ab.',773,4,14,'2018-01-13 15:56:11','2018-01-13 15:56:11'),(43,'sed','Laudantium ut eum id consequatur sunt corrupti. Recusandae culpa ea perspiciatis saepe laborum.',741,1,12,'2018-01-13 15:56:11','2018-01-13 15:56:11'),(44,'et','Porro reprehenderit voluptatibus est error. Inventore qui cumque ex ea ea. Inventore ea quaerat consequatur iure consequatur. Adipisci qui voluptas quia vero iste velit et aut.',651,5,10,'2018-01-13 15:56:11','2018-01-13 15:56:11'),(45,'reiciendis','Voluptate consectetur corrupti quasi dolores distinctio molestiae ipsum. Delectus dolores ab repudiandae autem natus quos. Quibusdam adipisci ut aut. Et sequi reiciendis eveniet in deleniti voluptas placeat.',748,6,30,'2018-01-13 15:56:11','2018-01-13 15:56:11'),(46,'et','Et nemo eos aspernatur dicta ex rem delectus. Ex sed nostrum itaque animi. Voluptatem sed modi cum nihil incidunt perspiciatis molestias deserunt. Nam dolorem veniam aspernatur consequatur placeat voluptatem reiciendis.',735,3,3,'2018-01-13 15:56:11','2018-01-13 15:56:11'),(47,'minima','Ut ut tempore modi eum doloremque et. Dolores sapiente aut officia ut delectus a. Et iure vel labore voluptas quis.',914,4,10,'2018-01-13 15:56:11','2018-01-13 15:56:11'),(48,'ut','Facilis aut facere omnis consectetur. Harum necessitatibus quae praesentium consequatur et. Omnis voluptatibus veniam dolor quisquam in sapiente adipisci. Quam eveniet id possimus accusantium quisquam nobis eius.',290,1,27,'2018-01-13 15:56:11','2018-01-13 15:56:11'),(49,'eaque','Laboriosam iusto consequatur ab sed doloremque vel. Ratione ad et ducimus vel. Perferendis eos rem aspernatur consequuntur. Deleniti quia explicabo earum commodi rerum aspernatur.',398,1,26,'2018-01-13 15:56:11','2018-01-13 15:56:11'),(50,'voluptatem','Commodi omnis fugiat velit quia aut libero id. Consequatur odit nihil recusandae nobis voluptates. Iste consectetur at est placeat.',481,3,25,'2018-01-13 15:56:11','2018-01-13 15:56:11');

/*Table structure for table `reviews` */

DROP TABLE IF EXISTS `reviews`;

CREATE TABLE `reviews` (
  `id` int(10) unsigned NOT NULL AUTO_INCREMENT,
  `product_id` int(10) unsigned NOT NULL,
  `customer` varchar(255) COLLATE utf8mb4_unicode_ci NOT NULL,
  `review` text COLLATE utf8mb4_unicode_ci NOT NULL,
  `star` int(11) NOT NULL,
  `created_at` timestamp NULL DEFAULT NULL,
  `updated_at` timestamp NULL DEFAULT NULL,
  PRIMARY KEY (`id`),
  KEY `reviews_product_id_index` (`product_id`),
  CONSTRAINT `reviews_product_id_foreign` FOREIGN KEY (`product_id`) REFERENCES `products` (`id`) ON DELETE CASCADE
) ENGINE=InnoDB AUTO_INCREMENT=301 DEFAULT CHARSET=utf8mb4 COLLATE=utf8mb4_unicode_ci;

/*Data for the table `reviews` */

insert  into `reviews`(`id`,`product_id`,`customer`,`review`,`star`,`created_at`,`updated_at`) values (1,14,'Maritza Daniel','Velit iste occaecati error dolore et quam voluptate. Aut sint optio aperiam eum id ipsam. Est odio laborum qui eos et est incidunt. Ut aut quia et. Dolorem soluta adipisci aut non pariatur provident.',1,'2018-01-13 15:56:11','2018-01-13 15:56:11'),(2,6,'Liliana Ondricka','Ut rerum optio natus. Occaecati et et inventore qui dolor. Est officia nostrum provident quas rem dolor. Vero fugit nemo esse aut vel et.',3,'2018-01-13 15:56:11','2018-01-13 15:56:11'),(3,19,'Katlyn Ankunding','Molestias sit iure est et qui. Hic veniam rerum laudantium laborum ipsum doloremque autem quo.',2,'2018-01-13 15:56:12','2018-01-13 15:56:12'),(4,37,'Laurence Gulgowski','Culpa rem dolores et temporibus blanditiis non. Maxime asperiores ullam ea officiis. Fugiat voluptas mollitia maiores deserunt doloremque veritatis eaque consectetur. Enim explicabo est sapiente perferendis a quo. Aut saepe totam doloribus asperiores qui quia fugiat unde.',0,'2018-01-13 15:56:12','2018-01-13 15:56:12'),(5,30,'Cordelia Bernier','Nobis optio illo consequuntur hic rem vel non sint. Aperiam qui voluptas repudiandae error quis ab. Ullam ex sed mollitia eum. Non nemo et perferendis modi.',2,'2018-01-13 15:56:12','2018-01-13 15:56:12'),(6,37,'Ms. Mercedes Simonis Sr.','Ipsa aut vel libero sint. Facilis vel qui et fugit est et voluptatem voluptatem. Vel exercitationem dolorem explicabo.',5,'2018-01-13 15:56:12','2018-01-13 15:56:12'),(7,12,'Dr. Craig Hoppe','Libero quo sed cumque quis officiis ut et. Eligendi sed ad quisquam voluptates eveniet. Quia modi enim excepturi qui velit ut nihil. Ut repellat sed iusto harum quas consequatur dolor.',4,'2018-01-13 15:56:12','2018-01-13 15:56:12'),(8,9,'Dr. Jessie Bayer','Veritatis dolorem placeat voluptates eveniet. Nihil nisi saepe autem qui ducimus voluptas et corrupti. Iusto est dolores et nihil ducimus nam.',1,'2018-01-13 15:56:12','2018-01-13 15:56:12'),(9,14,'Miss Hallie Kuhlman','Neque officia qui ipsum temporibus velit et. Eos reiciendis debitis rem autem iste. Dolores aliquid sequi quam.',0,'2018-01-13 15:56:12','2018-01-13 15:56:12'),(10,22,'Dr. Alessandra Powlowski','Sit eum dolorem atque optio est vitae. Reiciendis quaerat eum accusantium. Est rerum quia qui sed blanditiis laborum velit ullam.',3,'2018-01-13 15:56:12','2018-01-13 15:56:12'),(11,7,'Dr. Orrin Kovacek','Consequatur accusamus iste optio iure corporis. Natus omnis earum ut repellendus molestiae. Est dolores odit earum sint eveniet. Numquam veniam ut est modi itaque et.',5,'2018-01-13 15:56:12','2018-01-13 15:56:12'),(12,3,'Gracie Parisian','Repellat dolorem optio et. Et a veritatis dolor id totam ratione asperiores. Quisquam totam rerum placeat quis rerum. Dolor et quia libero voluptatem aliquid at.',0,'2018-01-13 15:56:12','2018-01-13 15:56:12'),(13,41,'Leilani Ernser','Assumenda sapiente nihil qui praesentium velit. Ad aut explicabo unde enim et quos doloremque. Pariatur et sapiente facere magni voluptates non odit rerum. Aut eligendi occaecati impedit dolorem tempore.',0,'2018-01-13 15:56:12','2018-01-13 15:56:12'),(14,10,'Brooke Skiles Jr.','Minima iste iusto et magnam beatae deleniti illum. Molestiae voluptatem expedita quis enim enim iusto. Necessitatibus asperiores cum quia in. Similique totam qui officiis.',2,'2018-01-13 15:56:12','2018-01-13 15:56:12'),(15,28,'Dr. Watson Mante Sr.','Rerum sint praesentium quas id aspernatur. Error assumenda modi quo nihil. Odit voluptates dolorum autem harum.',2,'2018-01-13 15:56:12','2018-01-13 15:56:12'),(16,24,'Logan Morar','Odit omnis aliquid eveniet atque nostrum. Aut qui eum est. Est non eos dolore similique.',5,'2018-01-13 15:56:12','2018-01-13 15:56:12'),(17,17,'Maryam Gleason DVM','Non ut culpa quia ratione pariatur consequatur et. Odio tenetur aut cum magni sed temporibus id. Beatae ab ut voluptas aut quo ut molestias.',5,'2018-01-13 15:56:12','2018-01-13 15:56:12'),(18,8,'Miss Dawn Jacobi','Voluptates ex dolorem ut debitis quo qui nobis omnis. Harum consequatur distinctio eaque rem qui sint. Rem esse qui adipisci labore non minima neque. Fugiat ut quasi asperiores vitae doloremque voluptas nesciunt.',1,'2018-01-13 15:56:12','2018-01-13 15:56:12'),(19,6,'Miss Bonnie Donnelly','Qui rerum quidem dolor sequi est eos. Maxime voluptate assumenda nobis sint magni. Earum quo similique sunt ut ullam. Sit autem molestias aut assumenda.',0,'2018-01-13 15:56:12','2018-01-13 15:56:12'),(20,11,'Jayson Welch PhD','Sequi aut ea ullam cumque quia excepturi molestias. Sunt rerum architecto voluptas. Iste dolore molestias quas perferendis id aut. Accusantium deleniti culpa in et est omnis.',3,'2018-01-13 15:56:12','2018-01-13 15:56:12'),(21,9,'Rupert Kuphal I','Iure et ut porro corporis. Eum nihil dicta dicta exercitationem et ut minima. Vero error quam ut aut. Natus quisquam quibusdam quia eos soluta.',1,'2018-01-13 15:56:12','2018-01-13 15:56:12'),(22,49,'Prof. Marlene Prohaska I','Aut et rerum sit id qui veniam magni quisquam. Corporis porro repellendus totam delectus omnis beatae quas. Distinctio doloremque eaque rerum vel. Ipsa ut cupiditate illo facere.',4,'2018-01-13 15:56:12','2018-01-13 15:56:12'),(23,7,'Rahul Osinski','Rerum mollitia suscipit alias alias sequi occaecati. Soluta officiis qui sit natus id. Consequatur recusandae sint est quia ex hic quia. Eum consequatur ducimus ipsum nam iste quia amet.',1,'2018-01-13 15:56:12','2018-01-13 15:56:12'),(24,47,'Dr. Brady Gutkowski PhD','Omnis quibusdam corrupti minima aliquam architecto aut et. Dicta est neque ducimus est eum similique quae voluptatem. In quisquam voluptatem fuga ut nisi molestias aut doloribus. Dignissimos ea maiores sed ipsam quia eum et non.',2,'2018-01-13 15:56:12','2018-01-13 15:56:12'),(25,14,'Roma Zulauf','Aut earum consequuntur est esse. Corporis numquam ullam voluptas provident quis eveniet occaecati. Aspernatur a sunt occaecati consequatur. Quis magnam quis veniam.',3,'2018-01-13 15:56:12','2018-01-13 15:56:12'),(26,7,'Lucile Hane','Vitae similique dolore odit neque aperiam temporibus. Quos dolor quas voluptates quod.',1,'2018-01-13 15:56:12','2018-01-13 15:56:12'),(27,12,'Marion Beatty','Enim quia voluptatem et omnis nostrum modi. Nihil amet magni eveniet quibusdam possimus eveniet. Quos et perspiciatis libero asperiores.',1,'2018-01-13 15:56:12','2018-01-13 15:56:12'),(28,16,'Prof. Dayton Haley','Sunt eum voluptas voluptatem a ea velit voluptas. Expedita commodi dicta dolores nihil. Incidunt omnis inventore recusandae sint eveniet voluptates excepturi omnis.',2,'2018-01-13 15:56:12','2018-01-13 15:56:12'),(29,36,'Prof. Geovanny Hahn','Quis doloribus eligendi ipsa nobis quam. Et sed et deserunt dolores facere. Et libero quas sed. Similique molestias vel et.',5,'2018-01-13 15:56:12','2018-01-13 15:56:12'),(30,6,'Alvina Kertzmann','Doloribus sint recusandae illo voluptates. Facilis molestias omnis rerum adipisci perspiciatis est. Asperiores iure qui consequatur fuga blanditiis maiores. Accusamus quos delectus aut iure accusantium cum recusandae.',1,'2018-01-13 15:56:12','2018-01-13 15:56:12'),(31,24,'Torrance Feest','Fuga quam magni ipsam eveniet molestiae est atque. Accusantium iure iusto est deserunt possimus. Tempora modi sunt quidem eos et.',0,'2018-01-13 15:56:12','2018-01-13 15:56:12'),(32,40,'Valentine Satterfield','Accusantium quia deserunt et sint fuga inventore non. Perferendis quasi recusandae quo cumque atque impedit. Error delectus non iusto quia consectetur aliquam eum. Quasi blanditiis qui accusantium quibusdam sapiente sequi.',1,'2018-01-13 15:56:13','2018-01-13 15:56:13'),(33,36,'Mr. Emmett Haag','Enim dicta ducimus suscipit nulla voluptatibus et eveniet. Sapiente neque accusamus tenetur ipsum quaerat voluptatibus. Nemo illo qui ipsam doloribus in quasi quam.',4,'2018-01-13 15:56:13','2018-01-13 15:56:13'),(34,25,'Willow Nikolaus','Architecto modi est dolores sed aspernatur vero. Qui sapiente id porro ducimus ut vel perspiciatis. Asperiores minus ea aut excepturi beatae beatae iusto quo.',5,'2018-01-13 15:56:13','2018-01-13 15:56:13'),(35,2,'Olin Wilkinson','Doloremque cumque quae deleniti reprehenderit accusantium. Aut ducimus recusandae consequatur est. Qui veritatis nostrum itaque nobis. Voluptatibus fugit nulla veritatis nihil doloremque est molestiae.',3,'2018-01-13 15:56:13','2018-01-13 15:56:13'),(36,46,'Dr. Coy Bayer IV','Aliquam non commodi dolorum et et sit laboriosam. Voluptatem non minus voluptatum voluptatem autem. Aliquam est nihil quasi sint quas.',1,'2018-01-13 15:56:13','2018-01-13 15:56:13'),(37,23,'Joanne Flatley','Est aliquid est sapiente magni autem exercitationem. Vitae quo corporis quam rerum et. Omnis molestiae deserunt quam amet eum. Enim in molestiae dolore ducimus. Dolores laudantium deserunt praesentium quos.',1,'2018-01-13 15:56:13','2018-01-13 15:56:13'),(38,4,'Dr. Drew Paucek','Cumque commodi maiores voluptatem sint neque autem ut consequatur. Aut aspernatur eaque blanditiis porro unde enim iusto. Recusandae officia quo dicta sit illo nemo. Enim voluptas magnam numquam et praesentium numquam.',1,'2018-01-13 15:56:13','2018-01-13 15:56:13'),(39,46,'Mrs. Emmanuelle Zieme','Qui est inventore distinctio non natus. Et eaque delectus perspiciatis et excepturi.',5,'2018-01-13 15:56:13','2018-01-13 15:56:13'),(40,14,'Charles Gottlieb','Et voluptatem laborum accusamus amet doloribus. Nisi reprehenderit ea minima. Possimus eos expedita officia doloremque tempora totam necessitatibus voluptates.',3,'2018-01-13 15:56:13','2018-01-13 15:56:13'),(41,8,'Verna Stokes III','Repudiandae optio sit voluptatem assumenda velit illo et. Quam voluptatum expedita consequatur iusto eligendi labore. Aut quia magnam fugiat.',1,'2018-01-13 15:56:13','2018-01-13 15:56:13'),(42,46,'Dale Ortiz','Dolores occaecati optio est assumenda quas et officia. Alias in et eveniet animi. Accusamus quia cum at aut maiores accusamus officiis.',2,'2018-01-13 15:56:13','2018-01-13 15:56:13'),(43,18,'Wilma Wuckert','Dolore corporis autem nostrum molestiae ipsam voluptatem. Repellendus nisi reiciendis hic voluptates est perferendis asperiores. Asperiores harum non doloribus dolorum voluptas quas et.',2,'2018-01-13 15:56:13','2018-01-13 15:56:13'),(44,34,'Dylan Shanahan IV','Cum voluptatem dicta est ipsa. Ut soluta delectus voluptas quia rem ut magni. Earum dolores ut dolorem.',4,'2018-01-13 15:56:13','2018-01-13 15:56:13'),(45,17,'Mozell Zboncak','Quo voluptatibus expedita repudiandae enim. Qui sit vitae blanditiis incidunt. Id et voluptas perferendis. Maxime molestiae nostrum ipsum libero quo.',1,'2018-01-13 15:56:13','2018-01-13 15:56:13'),(46,45,'Wyman Walter','Aut porro nihil est consequatur labore. Totam inventore libero id ut quia explicabo laboriosam. Placeat cupiditate et veritatis cum corporis nulla et sit.',5,'2018-01-13 15:56:13','2018-01-13 15:56:13'),(47,43,'Miss Caroline Simonis','Aut velit exercitationem accusamus delectus sed est ratione. Est distinctio qui amet dolor ipsa. Quasi ut adipisci tempora repellat repellendus enim.',0,'2018-01-13 15:56:13','2018-01-13 15:56:13'),(48,27,'Rodger Lemke','Sit maiores molestias earum consequatur. Et laborum perferendis et sit voluptatem cumque cumque. Quae rerum maiores nulla nam maxime animi. Deleniti voluptatem dignissimos voluptas aperiam labore.',1,'2018-01-13 15:56:13','2018-01-13 15:56:13'),(49,14,'Prof. Coleman Jones','Ipsam et similique aperiam eligendi est quae. Sit facere sunt at molestias. Odit officia alias libero nihil velit et et in.',0,'2018-01-13 15:56:13','2018-01-13 15:56:13'),(50,25,'Prof. Sven Collins MD','Corrupti magni possimus corrupti ipsum dolorem. Nihil ut rerum rerum hic possimus magni. Rerum occaecati quos neque aspernatur aliquid recusandae dignissimos itaque.',5,'2018-01-13 15:56:13','2018-01-13 15:56:13'),(51,18,'Mario Conroy','Qui itaque ut sed optio esse. Repellendus consequuntur est eius eius. Quis quo id consequatur. Adipisci atque ab accusantium magnam neque in nam inventore.',4,'2018-01-13 15:56:13','2018-01-13 15:56:13'),(52,7,'Prof. Amya Swift DDS','Qui tempore reiciendis labore cumque. Corporis et facere odio quasi quasi optio atque. Quos modi id labore dolore natus cupiditate. Dolorem perferendis reprehenderit voluptatem et voluptatem et blanditiis dolor.',0,'2018-01-13 15:56:13','2018-01-13 15:56:13'),(53,12,'Mr. Clyde Marquardt DVM','Adipisci nobis aliquam laboriosam magni. Fugit quidem est tempore dolorem pariatur non itaque. Sunt doloremque aut dolorum labore odit voluptas numquam. Id ut perspiciatis rerum reiciendis reiciendis minus.',4,'2018-01-13 15:56:13','2018-01-13 15:56:13'),(54,39,'Kamron Lindgren Sr.','Et reiciendis id non ipsam quam amet eos. Dolor in deserunt consequatur. Facilis beatae non nisi placeat.',1,'2018-01-13 15:56:13','2018-01-13 15:56:13'),(55,25,'Billy Hagenes','Voluptatum esse veniam accusantium natus. Iure ea quia esse quia. Pariatur autem labore molestias est soluta nam. Eos minima distinctio deserunt magni hic deserunt.',1,'2018-01-13 15:56:13','2018-01-13 15:56:13'),(56,30,'Isabella Hayes DVM','Nobis quos dolor nihil qui reprehenderit cumque voluptate. Libero veniam unde totam qui perferendis ut reprehenderit. Odit odio voluptates aut rerum non ea sit dolor. Vel qui aspernatur nihil.',4,'2018-01-13 15:56:13','2018-01-13 15:56:13'),(57,47,'Riley Moore','Perspiciatis eius sit quis aut magnam. Culpa sit voluptas quae voluptatem voluptatibus facilis et. Similique et fuga consequatur. Natus eveniet distinctio adipisci distinctio culpa pariatur. Qui accusantium quae commodi quisquam non rem consequuntur.',0,'2018-01-13 15:56:13','2018-01-13 15:56:13'),(58,44,'Dr. Malvina Murray DVM','Porro error mollitia itaque qui earum voluptas vel. Occaecati et omnis et necessitatibus voluptas est magnam. Et voluptatibus quia incidunt qui nostrum consequatur.',4,'2018-01-13 15:56:13','2018-01-13 15:56:13'),(59,47,'Dr. Johnson Rempel MD','Porro expedita non et rem deleniti voluptatum. Aut consequatur nam corporis. Porro et blanditiis enim eum modi rerum.',1,'2018-01-13 15:56:14','2018-01-13 15:56:14'),(60,25,'Lera Schimmel','Est id sit est dignissimos. Qui voluptatem incidunt officia quam numquam est. Mollitia beatae expedita repellat error voluptates. Error aut esse pariatur qui commodi ut. Id dicta fugiat sint maiores eligendi sint.',1,'2018-01-13 15:56:14','2018-01-13 15:56:14'),(61,15,'Janelle Hammes','Nihil culpa provident assumenda possimus iste id blanditiis. Sed voluptatem qui recusandae quo sint commodi praesentium distinctio. Fuga eius nobis sed fuga et qui error. A inventore in enim dolores et.',3,'2018-01-13 15:56:14','2018-01-13 15:56:14'),(62,37,'Leif Muller','Est et reiciendis cumque at. Aut aspernatur labore eligendi quae qui temporibus. Voluptates blanditiis vero quidem aut aliquam doloribus eum.',2,'2018-01-13 15:56:14','2018-01-13 15:56:14'),(63,3,'Adrienne Wisozk','Libero quisquam in reprehenderit itaque aperiam voluptates quasi. Eveniet nihil consequatur eos doloribus voluptas sequi. Porro sed eos recusandae qui aut illo. Alias voluptatem dignissimos eaque atque.',1,'2018-01-13 15:56:14','2018-01-13 15:56:14'),(64,31,'Alaina Herzog','Deserunt sit doloribus eum velit nostrum vel ab qui. Nihil et dicta cupiditate. Ea aut hic nulla tempore ullam a. Omnis aut voluptatem neque consectetur autem.',3,'2018-01-13 15:56:14','2018-01-13 15:56:14'),(65,36,'Ryley Mante','Illum voluptate doloremque tempora aspernatur ad adipisci. Temporibus praesentium voluptatem sed veniam sint. Cupiditate consequatur nihil quos et suscipit. Fuga distinctio architecto autem ut mollitia.',5,'2018-01-13 15:56:14','2018-01-13 15:56:14'),(66,24,'Teresa Huel IV','Sed consequatur neque delectus. Non et quasi modi omnis voluptate velit aut quia.',2,'2018-01-13 15:56:14','2018-01-13 15:56:14'),(67,34,'Allison West','Saepe aut at et architecto. Non reiciendis sit in ullam accusamus. Recusandae repudiandae velit est qui ut. Tenetur repudiandae ex ab quia sit voluptatibus.',4,'2018-01-13 15:56:14','2018-01-13 15:56:14'),(68,2,'Prof. Deonte Feil DDS','Molestiae et sapiente dolorem et nesciunt aut et. Vero minus fugit et et consequatur. Porro labore eum possimus minima animi dicta. Ut dicta ad nulla consequatur sed repellat commodi. Aperiam quaerat vel et doloribus exercitationem dicta saepe.',3,'2018-01-13 15:56:14','2018-01-13 15:56:14'),(69,46,'Daphnee Witting','Totam sit dolor vitae et possimus aut consequatur. Doloribus veniam aut harum pariatur et rem. Eum autem in cumque repellendus ut et. Suscipit est perferendis vel. Illo sed quidem delectus.',2,'2018-01-13 15:56:14','2018-01-13 15:56:14'),(70,20,'Sabina Konopelski','Dolores aut quam sed expedita ut saepe. Eum amet ipsum explicabo.',5,'2018-01-13 15:56:14','2018-01-13 15:56:14'),(71,4,'Shanna Ernser','In repudiandae dicta quia aut nihil minima repudiandae. Et eius non reprehenderit ab corporis. Sit molestiae expedita aut alias suscipit molestiae. Est ut nulla ad fuga libero sint modi voluptates.',0,'2018-01-13 15:56:14','2018-01-13 15:56:14'),(72,50,'Domenica Murazik Sr.','Voluptas aspernatur beatae vero est. Et quasi ab rerum sed quas. Animi rerum eveniet deserunt esse sunt cupiditate qui. A rerum non dolore quo eos libero ipsam iusto.',1,'2018-01-13 15:56:14','2018-01-13 15:56:14'),(73,7,'Alaina Mayer Jr.','Quod corporis et voluptates qui voluptas nihil. In debitis commodi quis adipisci corporis voluptatem sint. Aut repellendus voluptatem hic. Animi doloremque vero voluptatibus nostrum omnis incidunt corporis. Magni et quaerat voluptatem est ut.',0,'2018-01-13 15:56:14','2018-01-13 15:56:14'),(74,16,'Mrs. Natalia Steuber','Soluta voluptatem omnis doloremque rerum. Voluptate quo omnis minus adipisci. Asperiores voluptas consectetur velit et expedita numquam omnis. Rem cumque nam est enim porro.',5,'2018-01-13 15:56:14','2018-01-13 15:56:14'),(75,33,'Casey Kemmer','Nulla cum ut voluptas. Qui sunt minima amet et inventore officiis. Explicabo iure earum odio quas est.',1,'2018-01-13 15:56:14','2018-01-13 15:56:14'),(76,22,'Judge Schaefer','Consequatur ratione labore debitis pariatur rerum necessitatibus qui. Ut ut ipsam autem perferendis et ipsam. Facilis quis aspernatur sapiente soluta aliquid asperiores.',0,'2018-01-13 15:56:14','2018-01-13 15:56:14'),(77,19,'Luis Jacobs','Quia alias et error magnam non quia. Sunt quia vero nihil dolore. Aperiam sint nesciunt aut aut molestias cupiditate.',3,'2018-01-13 15:56:14','2018-01-13 15:56:14'),(78,49,'Dr. Jonathon Ruecker','Distinctio perspiciatis nobis cupiditate temporibus nostrum. Ut quasi quis illum saepe voluptatibus repudiandae dignissimos. Sit eligendi voluptatum mollitia eos veniam illum.',5,'2018-01-13 15:56:14','2018-01-13 15:56:14'),(79,3,'Mina Schuster MD','In ducimus harum perspiciatis dolores. Accusamus a odio ipsa illo commodi animi ut. Ut aspernatur ipsum cum provident.',1,'2018-01-13 15:56:14','2018-01-13 15:56:14'),(80,24,'Kristoffer Kunze','Delectus harum velit asperiores voluptatem sit rerum. Dignissimos facere quibusdam maxime alias voluptatem. Ipsa qui id et.',4,'2018-01-13 15:56:14','2018-01-13 15:56:14'),(81,39,'Janis Cole','Culpa consequatur vel iste magnam. Quaerat vel velit et tempora tempore facere quas necessitatibus. Sed laboriosam ut earum maiores rerum.',4,'2018-01-13 15:56:14','2018-01-13 15:56:14'),(82,14,'Ms. Shyanne Conn','Ducimus et doloribus nobis ut. Ullam iusto qui ducimus ipsum sed ad. Corporis et quod beatae qui ut vitae.',0,'2018-01-13 15:56:14','2018-01-13 15:56:14'),(83,22,'Noel Ebert','Fugiat placeat molestias autem. Beatae dolores facilis quam autem. Est esse et minus nobis consequuntur et. Consequatur qui distinctio exercitationem. Excepturi dolor ipsam in.',1,'2018-01-13 15:56:14','2018-01-13 15:56:14'),(84,2,'Lavonne Raynor','Fuga animi optio magni. Laborum dignissimos vitae eum omnis. Eum sint quia est vel corrupti nulla veritatis. Qui inventore voluptas non commodi voluptas possimus.',0,'2018-01-13 15:56:14','2018-01-13 15:56:14'),(85,31,'Mr. Frederick Haag','Vel dolor numquam ut magni temporibus enim. Unde dolorum eius natus ab dolorem rerum inventore rerum. Molestias libero a illum voluptatem debitis.',2,'2018-01-13 15:56:15','2018-01-13 15:56:15'),(86,46,'Mohammad Nienow','Omnis neque voluptate quas. Accusamus delectus voluptates omnis. Reprehenderit iste suscipit perspiciatis autem ut. Assumenda tempore aspernatur qui. Dolorem assumenda quos doloribus quia.',5,'2018-01-13 15:56:15','2018-01-13 15:56:15'),(87,29,'Chris O\'Keefe','Beatae et et placeat odit temporibus dolores. Quia repudiandae blanditiis facere ut nobis consectetur. Ipsa et possimus quo in ducimus sit. Vero voluptate natus eos qui.',5,'2018-01-13 15:56:15','2018-01-13 15:56:15'),(88,38,'Ms. Brenna Wilkinson','Consequatur ut perspiciatis exercitationem nulla temporibus. Ut ut aliquam est eligendi molestias non. Praesentium iusto omnis nulla et unde.',5,'2018-01-13 15:56:15','2018-01-13 15:56:15'),(89,17,'Jonas Bahringer','Voluptas vel saepe amet est. Et pariatur est fugiat rem. Occaecati sint non consequatur. Non ratione debitis eveniet adipisci voluptas eaque.',5,'2018-01-13 15:56:15','2018-01-13 15:56:15'),(90,31,'Sheldon Runolfsdottir','In sint voluptas expedita et libero quod quia. Assumenda eum atque doloremque illo neque. Voluptas eius omnis nesciunt quia nihil dolore assumenda. Et cum quia velit corporis voluptates ut labore.',1,'2018-01-13 15:56:15','2018-01-13 15:56:15'),(91,27,'Marcelina Ziemann','Quae laborum ullam a. Ut totam dolorem assumenda voluptatem. Laboriosam provident quia quam nisi doloribus.',5,'2018-01-13 15:56:15','2018-01-13 15:56:15'),(92,11,'Bernadette Harvey II','Consequatur exercitationem ea quidem est aut. In recusandae aut debitis numquam commodi et ipsam. Veniam in ad molestiae qui.',1,'2018-01-13 15:56:15','2018-01-13 15:56:15'),(93,19,'Mittie Hegmann Jr.','Sunt accusamus cumque ullam voluptatibus ipsam consequuntur. Aut aut consectetur dolorum ex odio quam perferendis aut. Et nobis suscipit nobis iusto officia in laudantium omnis.',5,'2018-01-13 15:56:15','2018-01-13 15:56:15'),(94,45,'Clint Feeney','Deserunt ipsa officia voluptatem ut saepe eveniet. Ab non quibusdam distinctio incidunt omnis ipsam. Aut reprehenderit a suscipit et ipsam. Aut eos libero odio tempora quae consectetur.',1,'2018-01-13 15:56:15','2018-01-13 15:56:15'),(95,6,'Hertha Berge Jr.','Nobis sed repellat iusto quis ipsum sit. Voluptate ut enim quo.',4,'2018-01-13 15:56:15','2018-01-13 15:56:15'),(96,32,'Aaron Sipes','Quasi corrupti dolor quidem architecto. Voluptas molestiae quaerat debitis velit. Eveniet quod natus cum sint enim. Ullam tempora quis quia.',1,'2018-01-13 15:56:15','2018-01-13 15:56:15'),(97,28,'Dewitt Toy IV','Harum quia neque libero nisi necessitatibus. Molestiae doloribus ea quos expedita enim accusantium. Cumque ab quis libero et.',5,'2018-01-13 15:56:15','2018-01-13 15:56:15'),(98,38,'Dolly Larson','Voluptas magnam nihil nemo harum modi reiciendis consequuntur. Aut quis ut architecto adipisci minus qui ut. Deserunt suscipit nam dolor velit veritatis molestias. Soluta maxime ut et ab enim ut.',1,'2018-01-13 15:56:15','2018-01-13 15:56:15'),(99,18,'Bill Heathcote','Accusamus tenetur delectus vel possimus nihil dolores. Quia quia modi veniam. Sed enim autem officia explicabo voluptate veritatis omnis architecto. Dignissimos ut ducimus quasi ea.',3,'2018-01-13 15:56:15','2018-01-13 15:56:15'),(100,5,'Ms. Lilla Doyle','Cum necessitatibus dolore saepe sint. Qui eos esse ad molestiae dolor magnam nesciunt. Vel eos qui voluptates et dolores consequatur rerum.',0,'2018-01-13 15:56:15','2018-01-13 15:56:15'),(101,44,'Gerda Koelpin','Eius perspiciatis odit consectetur ad quaerat. Necessitatibus quod aliquid quam consequatur deserunt accusantium omnis voluptatem. Sapiente ipsa eius quis.',2,'2018-01-13 15:56:15','2018-01-13 15:56:15'),(102,36,'Vincent Weber','Hic non molestiae quidem accusamus ipsum blanditiis. Impedit qui eum et velit. Velit doloribus ex atque ipsum ut.',0,'2018-01-13 15:56:15','2018-01-13 15:56:15'),(103,17,'Clay Grady','Architecto velit qui odio ut. Expedita doloremque ipsum sunt est. Corporis aut iusto dolor nobis sed officia.',3,'2018-01-13 15:56:15','2018-01-13 15:56:15'),(104,46,'Cristian Reinger','Corrupti minima autem natus eveniet non. Sint reiciendis odit reprehenderit non velit. Neque non deleniti officiis cupiditate.',5,'2018-01-13 15:56:15','2018-01-13 15:56:15'),(105,29,'Vincenza Beer','Aperiam ut minima nihil assumenda dolorum voluptates ullam. Unde nemo natus libero et consequuntur assumenda. Ea et voluptas et ducimus doloribus ullam. Asperiores delectus ut et voluptate nihil veritatis.',5,'2018-01-13 15:56:15','2018-01-13 15:56:15'),(106,44,'Flo Towne','Sequi consectetur harum et non quo eum et. Explicabo necessitatibus sapiente iste similique. Dolore ratione est ipsam dignissimos ut sed.',5,'2018-01-13 15:56:15','2018-01-13 15:56:15'),(107,23,'Destiney Gleason','Iste et dolorum aut eveniet labore. Rerum rem assumenda autem occaecati eaque consectetur. Dignissimos non sunt tenetur voluptatem quidem.',4,'2018-01-13 15:56:15','2018-01-13 15:56:15'),(108,21,'Mr. Andrew Osinski','Quam officiis et ipsam aut ab. Dolore est vel adipisci. Veniam quo asperiores maxime deleniti quis cupiditate. Placeat aut in eos molestiae beatae est.',1,'2018-01-13 15:56:15','2018-01-13 15:56:15'),(109,6,'Francesco Dibbert DDS','Minima perspiciatis in amet ab ea eos. Repudiandae vel ipsa soluta fugiat et et id.',0,'2018-01-13 15:56:15','2018-01-13 15:56:15'),(110,23,'Westley Mohr PhD','Quam quaerat quo consequatur et ea. Fugiat consequatur sed commodi fugiat dignissimos. Inventore qui quisquam consequuntur.',5,'2018-01-13 15:56:15','2018-01-13 15:56:15'),(111,30,'Mrs. Wava Witting','Doloribus eum qui eum fugiat qui quia. Et pariatur reprehenderit quis inventore. Voluptatum dolorem aperiam dicta. Laudantium atque repellat culpa vel qui.',3,'2018-01-13 15:56:15','2018-01-13 15:56:15'),(112,36,'Mr. Ted Reichel','Minus omnis nihil nihil dolorem. Mollitia fugiat aut consequatur quas eligendi inventore. In vitae et unde repellendus molestias.',2,'2018-01-13 15:56:15','2018-01-13 15:56:15'),(113,34,'Esperanza Barrows','Debitis occaecati eius molestiae et expedita. Fuga animi ipsa voluptas cupiditate voluptatem vitae neque. Doloremque aut quos et eum laboriosam officiis et non. Id magnam aut sequi non.',0,'2018-01-13 15:56:16','2018-01-13 15:56:16'),(114,15,'Seamus Langworth','Et et ut omnis et dolorem. Omnis aperiam omnis voluptates veritatis. Doloribus maxime aut sequi consequatur vel ad aut. Autem qui debitis dolores. Eaque nobis harum dolore vel autem quod unde autem.',4,'2018-01-13 15:56:16','2018-01-13 15:56:16'),(115,42,'Desmond Kreiger','Ducimus cumque dolores voluptatem sit rem. Consequuntur officiis voluptas impedit dolorem. Aut officia possimus sint quam.',3,'2018-01-13 15:56:16','2018-01-13 15:56:16'),(116,13,'Mrs. Kaycee Quigley III','Fugiat est autem veritatis sit neque commodi illum. Consectetur accusantium aperiam sunt et qui. Quod incidunt a id laudantium.',2,'2018-01-13 15:56:16','2018-01-13 15:56:16'),(117,18,'Dr. Leone Langosh','Aut molestias ut dolore excepturi deleniti neque eaque vero. At minus magnam quam sed totam ex velit corrupti. At at quaerat non ratione rerum accusamus dolor. Consectetur ipsa quasi quae quae magni aut recusandae.',4,'2018-01-13 15:56:16','2018-01-13 15:56:16'),(118,48,'Garret Robel II','Assumenda nostrum aut labore numquam. Sunt ullam facere sunt. Mollitia quo porro voluptatem.',2,'2018-01-13 15:56:16','2018-01-13 15:56:16'),(119,6,'Josh Kozey','Aperiam nisi nesciunt corrupti id aut. Sit et alias in voluptatum officia earum ut. Non repellat illum nam voluptates eum id. Ratione maxime error aspernatur assumenda vel odio alias.',5,'2018-01-13 15:56:16','2018-01-13 15:56:16'),(120,14,'Santos Hahn','Adipisci voluptatem aliquam fugit totam ipsa sequi ad. Vel suscipit accusamus vel dolorum. Impedit deleniti molestiae impedit quidem necessitatibus. Quasi aut sunt beatae quibusdam.',3,'2018-01-13 15:56:16','2018-01-13 15:56:16'),(121,21,'Sammie Lemke Jr.','Nihil ea perferendis temporibus eum rem quis provident. Aperiam quo aut accusamus.',5,'2018-01-13 15:56:16','2018-01-13 15:56:16'),(122,17,'Kimberly Hartmann','Tempora aut rerum perferendis rerum et. Accusamus omnis eaque quia dolorum et. Eligendi suscipit libero aspernatur iusto. Quaerat itaque neque et et.',5,'2018-01-13 15:56:16','2018-01-13 15:56:16'),(123,50,'Rocio Kulas','At esse voluptatem laborum incidunt. Itaque ut non numquam aut molestiae provident. Maiores provident fugiat dolor dicta dolores ut.',1,'2018-01-13 15:56:16','2018-01-13 15:56:16'),(124,17,'Jaron Padberg','Aut tempora labore consequuntur quis qui. Quis nostrum error eos culpa et. Ut voluptas cum suscipit facilis nobis. Quod accusantium explicabo et et.',2,'2018-01-13 15:56:16','2018-01-13 15:56:16'),(125,19,'Mr. Geovanni Aufderhar','Velit omnis voluptas aliquid inventore totam quisquam accusamus. Dolor atque vel fuga quae. Minima totam quidem consequatur accusantium id aspernatur eum. Non reprehenderit animi sed ratione sunt quos.',0,'2018-01-13 15:56:16','2018-01-13 15:56:16'),(126,46,'Dr. Kelly Spinka V','Quod vitae deleniti sunt non ad illum vero. Sint consequatur quam voluptas consequatur atque. Suscipit dolorem suscipit alias voluptatum assumenda laboriosam corrupti odio.',1,'2018-01-13 15:56:16','2018-01-13 15:56:16'),(127,9,'Mrs. Earnestine Fay','Quibusdam molestiae distinctio corrupti occaecati voluptas illo. Aut enim vel dolorum qui et impedit. Omnis commodi quod rem deserunt amet.',2,'2018-01-13 15:56:16','2018-01-13 15:56:16'),(128,18,'Gerald Abshire','Ea provident magni vero atque fuga. Pariatur eaque laudantium aut.',1,'2018-01-13 15:56:16','2018-01-13 15:56:16'),(129,8,'Prof. Jean Connelly MD','Quam rerum eos ipsa aut ut qui. Ea consectetur pariatur cum deserunt qui sunt. A ipsa suscipit et iusto et excepturi. Repellat dolorem voluptatibus nihil voluptates ut consequuntur.',5,'2018-01-13 15:56:16','2018-01-13 15:56:16'),(130,21,'Miss Eleanore Pouros V','Et est reprehenderit repellendus nobis minus laudantium voluptates enim. Iste velit dolore ipsum totam. Temporibus vel qui enim fugiat. Et totam cumque voluptatem officiis porro dolorem.',5,'2018-01-13 15:56:16','2018-01-13 15:56:16'),(131,6,'Ashtyn Leffler','Dolores aut pariatur voluptas ut in et quae assumenda. Sit sunt velit et aut rerum quis. Dolor minima maxime inventore tenetur perspiciatis.',3,'2018-01-13 15:56:16','2018-01-13 15:56:16'),(132,10,'Prof. Owen Schamberger II','Magni voluptatibus eum necessitatibus repellat praesentium. Nulla saepe ratione in dolorem similique totam et. Ad omnis est aut et quis inventore. Ea autem quo minus sed exercitationem quam velit consequatur. Corrupti temporibus explicabo sed omnis.',1,'2018-01-13 15:56:16','2018-01-13 15:56:16'),(133,31,'Alexandria Conroy','Voluptatem iusto aliquam iusto quasi. Officia harum ad enim dolorem veniam. Sunt rerum quidem quia omnis explicabo impedit.',1,'2018-01-13 15:56:16','2018-01-13 15:56:16'),(134,4,'Dr. Zora Ryan DDS','Debitis sint beatae eius iste cumque. Nihil blanditiis cumque veritatis dolore ullam mollitia nam. Dolor ipsam et veritatis porro.',2,'2018-01-13 15:56:16','2018-01-13 15:56:16'),(135,49,'Jannie Williamson','Quam aut ut aut ut. Quis esse qui sed praesentium. Hic quis iste quia. Corrupti aliquid sequi quaerat et.',5,'2018-01-13 15:56:16','2018-01-13 15:56:16'),(136,15,'Prof. Brennan Carter','Sequi excepturi est voluptatem. Voluptatem eum aspernatur est repellat repellat officia. Enim sed consequuntur et eius fuga nihil. Cum perferendis qui nostrum debitis reiciendis beatae.',5,'2018-01-13 15:56:16','2018-01-13 15:56:16'),(137,28,'Gennaro Kris','Atque reprehenderit impedit est officia. Autem deleniti non tempore veniam minus. Quis sint est aut recusandae.',5,'2018-01-13 15:56:16','2018-01-13 15:56:16'),(138,50,'Maye Gutkowski','Soluta dolor vel et quibusdam in distinctio commodi. Vel rerum illo rerum hic dignissimos voluptas. Ducimus voluptas itaque corporis.',3,'2018-01-13 15:56:17','2018-01-13 15:56:17'),(139,12,'Jesus Jones','Voluptas unde architecto aut ipsa aut impedit. Quam vero blanditiis ipsa corrupti quod quae. Non ut qui dicta ad.',2,'2018-01-13 15:56:17','2018-01-13 15:56:17'),(140,40,'Gina Stokes','Occaecati eum qui quia et non. Accusantium officia et est error totam aut odio. Fugit et illo sapiente sed dolorem non doloribus et. Est culpa dolor beatae ipsum.',5,'2018-01-13 15:56:17','2018-01-13 15:56:17'),(141,45,'Twila Hand','Aspernatur explicabo soluta dolores nisi rerum. Eius aut id voluptatem et adipisci dolorum eius. Et et et dolorem ea provident.',1,'2018-01-13 15:56:17','2018-01-13 15:56:17'),(142,1,'Kenya Zboncak','Enim quis eius enim quia molestiae ut iste expedita. Hic natus maiores voluptatem quisquam rerum. Qui voluptatem quam sunt voluptas molestiae occaecati dolor. Deleniti nostrum explicabo totam maiores.',5,'2018-01-13 15:56:17','2018-01-13 15:56:17'),(143,32,'Viola Stracke','Tempore ex dicta iste. Ad autem sed nisi quasi. Fuga eius consequatur illum dolor et voluptatem. Eos sed dolores nam deleniti ut quia.',4,'2018-01-13 15:56:17','2018-01-13 15:56:17'),(144,30,'Miss Aurelie Anderson','Ratione deserunt sed facere quo. Ipsum qui quod et repellendus minima animi nihil. In ea rerum voluptatem blanditiis voluptates dolore.',2,'2018-01-13 15:56:17','2018-01-13 15:56:17'),(145,10,'Tremaine Hyatt','Fuga vel quos inventore sunt omnis. Voluptates et dolorum sed dolorem ut sequi reprehenderit.',1,'2018-01-13 15:56:17','2018-01-13 15:56:17'),(146,16,'Miss Kiara Ebert I','Perspiciatis corporis voluptatum a sapiente perspiciatis. Aut ut nihil et voluptas dolores non temporibus. Aut magni ut veritatis aut excepturi sint est.',2,'2018-01-13 15:56:17','2018-01-13 15:56:17'),(147,41,'Dr. Sofia Lang IV','Corporis sint explicabo quia voluptatibus. Ex odio aperiam non vel officiis ipsam.',5,'2018-01-13 15:56:17','2018-01-13 15:56:17'),(148,31,'Dakota Yundt','Illum recusandae sed magnam sit consequatur ut laborum. Qui id qui a consequatur et. Alias labore quasi voluptas ut quia ex. Autem incidunt minima quo rerum nobis.',5,'2018-01-13 15:56:17','2018-01-13 15:56:17'),(149,22,'Gertrude Blick','Quia aliquam sed dolorum sed rem qui. Autem tempora sapiente consequatur ut iste accusantium nihil. Quis enim et quasi. Officiis perferendis ut distinctio autem repudiandae rerum ducimus.',5,'2018-01-13 15:56:17','2018-01-13 15:56:17'),(150,19,'Kyra Heaney Jr.','In dolor iste quos et dolores. Et ratione iusto qui ipsam qui voluptas ut. Ratione ipsam ea eligendi aut quia quibusdam. Pariatur totam harum quo aut autem architecto omnis. Ex ut veniam omnis quis ut pariatur.',1,'2018-01-13 15:56:17','2018-01-13 15:56:17'),(151,9,'London Medhurst','Tenetur dolorem exercitationem consequuntur. Nobis voluptatem nam consequatur. Et nihil nulla ea neque dolorem.',0,'2018-01-13 15:56:17','2018-01-13 15:56:17'),(152,8,'Justice Hayes','Vitae provident totam dolorem corrupti qui. Modi velit nostrum nulla rem odit perspiciatis itaque. Cumque tempora et facere earum. Rerum incidunt est aut consequatur.',5,'2018-01-13 15:56:17','2018-01-13 15:56:17'),(153,39,'Oleta Barton III','Sunt optio quo quas rem aspernatur dicta. Iusto aut error est velit debitis laborum. Fugiat dolorem quo laboriosam qui corrupti. Quis esse harum quibusdam eum nobis dolor sint.',0,'2018-01-13 15:56:17','2018-01-13 15:56:17'),(154,6,'Eulalia Krajcik','Ut sint ad ut error aut quod voluptate. Consequatur libero harum et. Ut fugit aliquam ut quod velit.',3,'2018-01-13 15:56:17','2018-01-13 15:56:17'),(155,5,'Sandra Huels III','Doloribus fugiat quae voluptas earum est. Error earum quasi est sint earum voluptatem ipsam. Et nobis possimus amet praesentium magni. Cumque nihil voluptatibus veritatis molestias quia laboriosam.',1,'2018-01-13 15:56:17','2018-01-13 15:56:17'),(156,10,'Lauryn Herzog','Suscipit saepe mollitia mollitia rerum aperiam voluptatem aliquam. Facilis reiciendis dolore nihil rerum omnis soluta. Repellat unde fuga incidunt et voluptatum.',4,'2018-01-13 15:56:17','2018-01-13 15:56:17'),(157,41,'Michael VonRueden DVM','Nobis labore sunt voluptate aliquam. Sint ut sequi harum laudantium incidunt ad. Maiores voluptatibus rerum quia vel. Dolore sed ut debitis assumenda hic sit.',0,'2018-01-13 15:56:17','2018-01-13 15:56:17'),(158,13,'Odie Auer','Et illo necessitatibus saepe reiciendis quia veritatis in. Alias iste iure corporis laborum odio. Alias blanditiis deserunt aut vel dolorum odit mollitia. Quis voluptatibus qui non sint cupiditate.',1,'2018-01-13 15:56:17','2018-01-13 15:56:17'),(159,20,'Miss Reba Ryan','Molestiae velit aspernatur accusantium sit ex ea. Nam corrupti et a. Laboriosam non est et voluptatem et molestiae omnis.',3,'2018-01-13 15:56:18','2018-01-13 15:56:18'),(160,33,'Joany Wilkinson','Quia non sequi et asperiores. Nesciunt provident voluptas facere optio et sed aspernatur. Fugit incidunt autem quaerat corrupti.',0,'2018-01-13 15:56:18','2018-01-13 15:56:18'),(161,12,'Cortez Conroy','Dolor quis quo velit aut. Dolor reprehenderit sequi quia numquam alias est. Unde ullam consectetur quaerat sed molestiae. Optio a dolorum voluptas nostrum culpa molestiae placeat.',5,'2018-01-13 15:56:18','2018-01-13 15:56:18'),(162,4,'Althea Purdy','Est nostrum commodi neque voluptatum. Natus sit facilis voluptatibus veritatis explicabo est qui non. Rerum molestiae aliquid perspiciatis quasi quia. Sapiente provident labore ad nisi ut ut harum.',5,'2018-01-13 15:56:18','2018-01-13 15:56:18'),(163,50,'Glenna Ruecker','Voluptates sed quos quia iste. Laudantium a voluptatem officia quas dolor in ut inventore. Eligendi cum vero amet sequi praesentium. Dolorem sit ut numquam debitis ex nesciunt temporibus. Architecto aut error repellat consequatur iusto rerum deleniti.',2,'2018-01-13 15:56:18','2018-01-13 15:56:18'),(164,10,'Prof. Breana Boyle','Illo architecto nobis saepe enim quibusdam. Reprehenderit dolorem aut quibusdam excepturi sint enim suscipit. Delectus quo dignissimos voluptate officia iusto incidunt est. Molestiae numquam qui et. Sint atque facere voluptatem mollitia saepe doloremque.',1,'2018-01-13 15:56:18','2018-01-13 15:56:18'),(165,18,'Aracely Koelpin','Excepturi aliquid excepturi illo. Sint excepturi libero blanditiis vero. Dolor eum et commodi illo.',5,'2018-01-13 15:56:18','2018-01-13 15:56:18'),(166,5,'Mr. Garett Cummings II','Ratione consequatur facere nostrum deserunt temporibus deleniti. Et nihil molestiae quia qui. Dolor maxime quo at sunt perferendis omnis.',4,'2018-01-13 15:56:18','2018-01-13 15:56:18'),(167,6,'Sanford Doyle','Temporibus odit tempora consequatur consequatur eius quo. Harum dolorem consequatur est qui pariatur omnis. Placeat ut sapiente ullam. Voluptatem et et accusantium ratione id libero.',5,'2018-01-13 15:56:18','2018-01-13 15:56:18'),(168,16,'Miss Rosemary Kovacek IV','Fuga expedita et voluptatem perferendis adipisci. Ut laborum similique eos reprehenderit non voluptas est. Sed minus quae et nobis sint commodi labore. Molestiae officiis atque rerum voluptas.',2,'2018-01-13 15:56:18','2018-01-13 15:56:18'),(169,31,'Miss Aurore Gutkowski','Qui similique eligendi placeat aut hic non illum. Sapiente amet facere quis odit ea sed. Libero quas voluptatem accusantium neque laboriosam id.',4,'2018-01-13 15:56:18','2018-01-13 15:56:18'),(170,12,'Garrison Hodkiewicz','Rerum provident id qui esse ipsum ex sit omnis. Delectus enim id similique et temporibus recusandae. Aperiam ratione sit ea aspernatur ea harum.',3,'2018-01-13 15:56:18','2018-01-13 15:56:18'),(171,23,'Dr. Chyna Wolff','Magnam impedit sint aut debitis ullam quibusdam dicta. Sapiente unde itaque sit. Culpa est molestiae consequuntur ut. Et mollitia sunt cum tempora omnis unde.',2,'2018-01-13 15:56:18','2018-01-13 15:56:18'),(172,45,'Autumn Nicolas','In voluptas natus esse eum ut ea commodi consequatur. Rerum eos repellendus sit odit amet omnis consequuntur eius. Laboriosam vel incidunt magnam maxime et tenetur expedita iste. Quod sint velit rerum velit voluptate.',1,'2018-01-13 15:56:18','2018-01-13 15:56:18'),(173,38,'Dandre Prosacco DVM','Repudiandae rerum consequatur et autem consequatur est enim. Et ullam nulla qui. Fuga nisi aliquam nisi id.',5,'2018-01-13 15:56:18','2018-01-13 15:56:18'),(174,10,'Laura Oberbrunner','Dolorem officia laboriosam ut doloremque nihil. Harum hic in officia ex quo.',4,'2018-01-13 15:56:18','2018-01-13 15:56:18'),(175,35,'Dayton Champlin','Aut deserunt magni aliquam ipsam ipsum. Saepe blanditiis voluptates accusantium aut reprehenderit in. Voluptas consequuntur repudiandae magnam vitae alias.',4,'2018-01-13 15:56:18','2018-01-13 15:56:18'),(176,30,'Amari Predovic','Perspiciatis nobis sunt repudiandae eos dolores nesciunt magni rerum. Totam excepturi excepturi quo maiores sed velit quis. Aut assumenda aut quae voluptas porro ut fugit sit. Ullam architecto labore sed neque.',1,'2018-01-13 15:56:18','2018-01-13 15:56:18'),(177,15,'Gay Moore','Soluta vel est quia ea qui eaque omnis. Quibusdam omnis consectetur ducimus ut aut eum omnis. Est cum sint nulla optio quos rerum voluptas esse. Quia odio mollitia totam praesentium magnam aut.',3,'2018-01-13 15:56:18','2018-01-13 15:56:18'),(178,32,'Kelsie Corwin','Id rerum consequatur eligendi. Magni dolores dolores ut repudiandae cumque. Consequatur sint qui rem. Adipisci enim maxime quidem sit blanditiis saepe non.',5,'2018-01-13 15:56:18','2018-01-13 15:56:18'),(179,17,'Vaughn Crist','Occaecati quidem commodi est ullam quas esse. Earum qui unde consequatur. Aut aut facere perferendis.',0,'2018-01-13 15:56:18','2018-01-13 15:56:18'),(180,21,'Miss Joanne Schmeler IV','Molestiae ut harum aut repellat. Molestiae eos delectus enim sunt mollitia dignissimos debitis aliquam.',5,'2018-01-13 15:56:18','2018-01-13 15:56:18'),(181,5,'Tia Ratke','Necessitatibus quisquam doloremque incidunt. Sed quis dolorum nobis occaecati reiciendis inventore. Fugit voluptatem quae quam atque.',2,'2018-01-13 15:56:19','2018-01-13 15:56:19'),(182,23,'Lucas Murphy','Quam qui qui tempore nesciunt est. Odit quis ullam alias qui eum inventore officia. Tempore quos vitae magnam a.',1,'2018-01-13 15:56:19','2018-01-13 15:56:19'),(183,28,'Dr. Timmothy Quigley','Praesentium omnis accusantium quidem aliquam consectetur quisquam ratione sed. Nihil asperiores et id adipisci voluptas. Assumenda ut sit suscipit sed dolor.',3,'2018-01-13 15:56:19','2018-01-13 15:56:19'),(184,49,'Mrs. Susana Jones','Harum corrupti sed laborum et ea. Unde at sed iste in voluptate sapiente ab. Odio reiciendis voluptatum nobis delectus eius. Aspernatur nobis eius illum eos nulla non.',2,'2018-01-13 15:56:19','2018-01-13 15:56:19'),(185,48,'Johnnie Beer','Omnis est reprehenderit nihil eum facilis quia asperiores placeat. Quos rerum ad rem autem. Autem facere consequuntur reprehenderit qui.',4,'2018-01-13 15:56:19','2018-01-13 15:56:19'),(186,4,'Emely Dickinson','Cupiditate ut et excepturi ipsa non quisquam. Laudantium aut exercitationem odio. Nobis libero facere repudiandae tempora necessitatibus blanditiis est.',1,'2018-01-13 15:56:19','2018-01-13 15:56:19'),(187,41,'Allene Yundt','Sit consectetur natus eos omnis. Repellat ratione rerum molestiae ea sed est illum. Itaque aut et consectetur sunt ipsam.',4,'2018-01-13 15:56:19','2018-01-13 15:56:19'),(188,24,'Ms. Margarett O\'Keefe II','Sit eaque deserunt ea voluptate. Quia eius sapiente soluta provident. Qui eius consequuntur qui tempore.',1,'2018-01-13 15:56:19','2018-01-13 15:56:19'),(189,2,'Prof. Margarita Hartmann','Tempora cupiditate quis aspernatur nihil sint at ducimus quod. Quisquam quae aspernatur veniam perspiciatis. Totam et eaque nobis tempora.',2,'2018-01-13 15:56:19','2018-01-13 15:56:19'),(190,13,'Dr. Max Hermiston','Qui vel enim voluptatem pariatur alias eum quia. Omnis corrupti est non in ratione. Et magnam nihil autem dolores voluptatem rerum. Et dolorem labore tempore.',3,'2018-01-13 15:56:19','2018-01-13 15:56:19'),(191,11,'Sigurd Koepp','At eius id odio porro et odio dolorem qui. Omnis nisi tenetur dignissimos nesciunt minus rerum unde. Ipsa est a ipsa commodi repellat veritatis. Nesciunt sint saepe est. Illo culpa maxime aut accusamus amet culpa aliquam.',5,'2018-01-13 15:56:19','2018-01-13 15:56:19'),(192,20,'Annamae Osinski DVM','At minima officia maiores dolores aut. Reprehenderit et ut eligendi. Dolores eos voluptatem beatae omnis. Cupiditate impedit voluptates velit.',0,'2018-01-13 15:56:19','2018-01-13 15:56:19'),(193,50,'Miss Nyasia Quigley','Ipsum ad veniam enim omnis assumenda et. Nulla nobis consequatur nesciunt accusantium quia. Qui ullam quo delectus eaque amet repellat. Amet nisi ab ipsam quo modi sapiente sapiente. Delectus porro a optio minus est ut est.',3,'2018-01-13 15:56:19','2018-01-13 15:56:19'),(194,38,'Myrtle Quigley','Porro fugiat ex libero odio. Adipisci consequatur aliquid labore rerum repellendus dolorem. Eum consectetur atque consequuntur omnis. Laboriosam veritatis qui autem.',5,'2018-01-13 15:56:19','2018-01-13 15:56:19'),(195,37,'Patricia Johnson','Nisi doloremque voluptatum similique voluptas voluptatum. Quia dolorem minus et earum.',1,'2018-01-13 15:56:19','2018-01-13 15:56:19'),(196,13,'Allie O\'Kon','Doloremque ut nihil quam dicta porro qui. Velit quia est nostrum incidunt earum ullam expedita. Eveniet laudantium officia eveniet laboriosam. Aut sapiente eligendi quos similique quod.',3,'2018-01-13 15:56:19','2018-01-13 15:56:19'),(197,44,'Prof. Coy Stokes','Iure explicabo enim nulla magnam delectus voluptatem. Veritatis laudantium qui ab enim enim sapiente ut. Provident dolores quidem ipsam sed hic enim reiciendis. Culpa fuga aut et non aspernatur.',1,'2018-01-13 15:56:19','2018-01-13 15:56:19'),(198,47,'Ms. Orpha Kozey','Ducimus similique deserunt consectetur modi. Suscipit fugit repellendus consequatur ea explicabo rerum. Accusantium dolores molestiae culpa placeat corrupti et blanditiis sequi. Ut voluptatem vero optio porro ut.',5,'2018-01-13 15:56:19','2018-01-13 15:56:19'),(199,50,'Arely Klein','Quis accusantium possimus quidem. Hic vel pariatur voluptas nulla omnis culpa. Veniam odit rerum tempora cupiditate recusandae non ratione. Aut molestias reprehenderit placeat incidunt ipsa velit. Possimus praesentium in suscipit minus.',3,'2018-01-13 15:56:19','2018-01-13 15:56:19'),(200,40,'Garfield Welch','Magni ut aut ducimus omnis qui. Ducimus ut amet ut quibusdam. Debitis voluptatem soluta accusamus debitis vel sunt rerum. Aut ratione porro et molestiae. Id in tenetur voluptatem animi voluptas.',3,'2018-01-13 15:56:19','2018-01-13 15:56:19'),(201,30,'Augustine Wuckert','Mollitia numquam voluptatem et accusantium. Nostrum iste eos iusto tenetur. Est cupiditate non reprehenderit in omnis. Magni alias quos occaecati unde blanditiis omnis maxime.',5,'2018-01-13 15:56:19','2018-01-13 15:56:19'),(202,14,'Yolanda Treutel','Facilis nesciunt qui eum et similique tempore eligendi dicta. Ut velit dolore placeat ipsum numquam.',3,'2018-01-13 15:56:19','2018-01-13 15:56:19'),(203,13,'Vivienne Smith','Quia veritatis qui omnis et temporibus et placeat. Deserunt autem qui iusto quis accusamus.',0,'2018-01-13 15:56:19','2018-01-13 15:56:19'),(204,5,'Mr. Charlie Gorczany','Ipsa aut tempora nemo et laborum laudantium. Maxime autem quo sequi ab. Velit fugiat harum corrupti commodi soluta labore hic.',3,'2018-01-13 15:56:19','2018-01-13 15:56:19'),(205,32,'Ms. Maximillia Renner','Ipsa tenetur et alias impedit iure fugit. Numquam eum est sit nostrum molestiae temporibus qui. Sed mollitia praesentium deleniti.',1,'2018-01-13 15:56:19','2018-01-13 15:56:19'),(206,22,'Leanne Kulas PhD','Ut error quisquam ex cum accusantium. Ea impedit repudiandae omnis necessitatibus quis repellat quo. Modi voluptatem dolor pariatur earum consequatur. Sed doloribus quis vel delectus sit ut non. Sunt quod odio dolores qui tempora.',5,'2018-01-13 15:56:19','2018-01-13 15:56:19'),(207,28,'Dr. Lauretta Zboncak MD','Qui fuga occaecati sequi architecto. Officiis consequatur suscipit molestiae et sapiente. Et consequatur quia corporis adipisci modi qui. Veritatis vel labore qui odio.',2,'2018-01-13 15:56:19','2018-01-13 15:56:19'),(208,39,'Raina Konopelski','Autem sunt perferendis quidem non maiores. Eum quia quasi dicta eum. Ut adipisci labore laudantium non ut.',0,'2018-01-13 15:56:19','2018-01-13 15:56:19'),(209,9,'Bernice Stoltenberg IV','Saepe quae ut eum velit consequatur. Impedit odit vel velit est vitae ex. Ut ad rerum fuga voluptatem.',1,'2018-01-13 15:56:19','2018-01-13 15:56:19'),(210,22,'Patience Hagenes II','Enim ea laboriosam alias possimus eveniet quia quo. Beatae dolores cumque occaecati minus. Ut dolor porro rerum ex quia expedita consequatur. Iure cum eos distinctio et. Qui earum voluptatem non fugiat at.',0,'2018-01-13 15:56:20','2018-01-13 15:56:20'),(211,20,'Prof. Gladys Klein PhD','Nihil magnam rerum libero et. Temporibus culpa voluptas corrupti officia alias rerum officiis facilis. Aut laboriosam quia tempora commodi id corrupti qui. Vero eos veniam totam sit.',2,'2018-01-13 15:56:20','2018-01-13 15:56:20'),(212,26,'Bernie Gislason','Placeat possimus voluptatem omnis dolorem quisquam. Nisi adipisci veniam aperiam rem mollitia. Consequatur modi rerum fuga expedita doloremque. Delectus aut illo non qui quisquam sunt nesciunt.',0,'2018-01-13 15:56:20','2018-01-13 15:56:20'),(213,7,'Mrs. Cora Roberts','Culpa cum sint cupiditate officia sint aliquid quibusdam. Saepe et debitis autem optio perspiciatis illum quas autem. Voluptate aut dicta laudantium expedita soluta.',0,'2018-01-13 15:56:20','2018-01-13 15:56:20'),(214,18,'Sam Donnelly','Et facere vel nisi quo non amet amet. Et error rerum sit quia sed animi. Quasi sit nam totam suscipit temporibus laboriosam impedit. Explicabo labore ea quos modi rem consequuntur neque. Rem perspiciatis qui asperiores ipsum.',2,'2018-01-13 15:56:20','2018-01-13 15:56:20'),(215,21,'Prof. Maxine Davis','At repudiandae accusamus officia est est. Sapiente doloremque natus quis nam quam nostrum ipsum. Nesciunt exercitationem placeat nobis officiis iusto qui. Dolor consequatur nihil voluptatem quasi.',1,'2018-01-13 15:56:20','2018-01-13 15:56:20'),(216,4,'Esther Wisoky IV','Consequatur culpa soluta fugit accusantium assumenda non. Necessitatibus numquam quas quia aut esse voluptatum totam exercitationem. Dolores nesciunt quod et inventore reprehenderit. Ut expedita iste quo ipsam.',1,'2018-01-13 15:56:20','2018-01-13 15:56:20'),(217,40,'Alivia Wiegand','Aspernatur aut inventore eius reprehenderit est. Sit expedita neque velit necessitatibus quia natus voluptas asperiores. Aut commodi id sint non totam.',1,'2018-01-13 15:56:20','2018-01-13 15:56:20'),(218,26,'Faye Bernier','Eos blanditiis illo dolore ipsa vel. Officia deleniti voluptatem omnis laudantium autem est. Et non vel consectetur atque. Harum dolore pariatur aperiam et asperiores consequatur velit.',5,'2018-01-13 15:56:20','2018-01-13 15:56:20'),(219,38,'Jayden Conn','Dolore cumque non quis tenetur id ad. Et quam aperiam consequuntur ipsam. Et omnis dolorem soluta illo temporibus possimus facere. Est nihil dolores qui ipsum. Ut voluptatem odit corporis minus ut ut nulla.',3,'2018-01-13 15:56:20','2018-01-13 15:56:20'),(220,38,'Prof. Rafael Hagenes III','Id est est soluta commodi eveniet. Fugit et dicta quasi eaque vitae. Laboriosam delectus deleniti consequatur recusandae. Eligendi ullam nobis eveniet qui.',3,'2018-01-13 15:56:20','2018-01-13 15:56:20'),(221,42,'Doris Brakus','Velit odit dolores nemo molestias molestiae. Voluptate ullam perferendis ipsam. Eos nihil quis exercitationem suscipit maiores est. Dolores optio aut quaerat at maxime iste dolor nesciunt. Velit vero qui maxime iusto est adipisci et.',0,'2018-01-13 15:56:20','2018-01-13 15:56:20'),(222,39,'Lowell Pfeffer II','Occaecati accusamus blanditiis et et. Et earum quia quia nisi aut id dignissimos molestiae. Consectetur odio provident aliquam. Eligendi eos est quaerat ea quos laudantium.',3,'2018-01-13 15:56:20','2018-01-13 15:56:20'),(223,23,'Prof. Lavina Bode','Et beatae quo non atque pariatur ut. Dolore debitis quo blanditiis. Et ratione aliquam tenetur.',0,'2018-01-13 15:56:20','2018-01-13 15:56:20'),(224,5,'Dorcas Kuhlman','Alias dolorem cum magni sed deleniti. Sed iure sed labore consequatur.',3,'2018-01-13 15:56:20','2018-01-13 15:56:20'),(225,28,'Ms. Janice Christiansen','Aliquid sed voluptas aliquid non et. Nesciunt non quaerat sed sequi dolores iste. Unde est numquam eius corrupti impedit similique.',3,'2018-01-13 15:56:20','2018-01-13 15:56:20'),(226,41,'Elyse Auer','Sapiente id officia occaecati ullam error fugiat laudantium. Officiis et inventore sunt deserunt. Doloremque est aperiam qui numquam adipisci. Reiciendis earum cupiditate doloremque a repudiandae distinctio facilis. Rerum optio vel magni id voluptas qui.',2,'2018-01-13 15:56:20','2018-01-13 15:56:20'),(227,38,'Mohammed Heathcote PhD','Voluptatem aut in cum voluptas voluptatem. Sunt minima et nisi et animi autem laboriosam porro.',0,'2018-01-13 15:56:20','2018-01-13 15:56:20'),(228,19,'Jayda Funk PhD','Eos ducimus sed et excepturi dolor. Quia suscipit qui autem rem. Adipisci consequuntur quia dicta dolores. Rem ratione et nobis doloremque dolore soluta dignissimos.',5,'2018-01-13 15:56:20','2018-01-13 15:56:20'),(229,26,'Sister Prosacco','Voluptas quia aut qui vel numquam blanditiis amet. Voluptatum quia itaque velit. Hic soluta minus est voluptatum quo soluta veritatis.',0,'2018-01-13 15:56:20','2018-01-13 15:56:20'),(230,17,'Tia Boyer','Nemo commodi explicabo aspernatur eveniet. Consequatur et debitis quas omnis voluptas repudiandae vero. Aliquid est non nesciunt et facilis aut id. Officia error inventore vel nobis rerum amet sed iusto.',4,'2018-01-13 15:56:20','2018-01-13 15:56:20'),(231,42,'Daija Pouros','Assumenda dicta quisquam inventore suscipit tempore voluptate tempore. Non architecto suscipit facilis harum. Dolores rem quidem qui necessitatibus eaque sunt.',3,'2018-01-13 15:56:20','2018-01-13 15:56:20'),(232,45,'Miss Mckayla Collier','Enim voluptatum illum accusamus sit ducimus reiciendis error unde. Facere ad molestias officia quaerat quia officiis. Voluptate qui deleniti animi non nostrum nulla optio consequatur.',4,'2018-01-13 15:56:20','2018-01-13 15:56:20'),(233,44,'Drew Ernser','Enim minus molestiae molestias et architecto. Voluptatum ducimus ut praesentium voluptates et. Enim architecto eos et consequuntur et et rerum natus. Error in autem tenetur ipsam quos.',5,'2018-01-13 15:56:20','2018-01-13 15:56:20'),(234,24,'Elvera Senger','Ipsam laboriosam velit alias. Et quia dolorem fugit saepe qui sunt molestiae. Necessitatibus possimus sed quis. Quae laborum deserunt blanditiis alias incidunt quia aspernatur.',2,'2018-01-13 15:56:20','2018-01-13 15:56:20'),(235,49,'Miss Carolanne Murray Jr.','Quam consequatur quaerat quo nesciunt et. Eos earum tempora rerum id eum enim illum. Iste eum ipsum rerum aut nisi. Voluptas quis ut tempora quo rem.',3,'2018-01-13 15:56:20','2018-01-13 15:56:20'),(236,22,'Dr. Lance Swift V','Magnam officiis aut dolor consequatur et est voluptas. Voluptas omnis voluptatum temporibus aut. Dicta animi architecto veniam necessitatibus porro doloremque minus.',0,'2018-01-13 15:56:20','2018-01-13 15:56:20'),(237,43,'Prof. Vesta Kunze Sr.','Qui mollitia harum eveniet et quas expedita id aliquam. Consectetur minus adipisci consequatur eveniet. Porro odio eum voluptas quas porro blanditiis tenetur.',2,'2018-01-13 15:56:20','2018-01-13 15:56:20'),(238,17,'Felicity Jacobi','Id aut aperiam iusto quasi laudantium. Id omnis sapiente esse omnis. Et qui quo esse magnam.',4,'2018-01-13 15:56:20','2018-01-13 15:56:20'),(239,48,'Emmitt Prohaska','Architecto rerum nihil accusamus omnis sapiente. Magni nesciunt facilis quia tenetur provident esse. Odio laudantium et quis non.',5,'2018-01-13 15:56:21','2018-01-13 15:56:21'),(240,31,'Dr. Caden Dicki','Sit quia repudiandae veritatis explicabo dolores sint beatae. Tempore et fugit impedit voluptatem sed dignissimos aliquid. Fugiat provident accusamus ipsam corrupti consequuntur ut. Repellendus maxime vel aspernatur voluptas.',1,'2018-01-13 15:56:21','2018-01-13 15:56:21'),(241,8,'Jovany Bode','Sed deleniti ut animi minus minima. Omnis et voluptas sunt nemo doloremque non. Officia possimus tenetur enim magni amet.',0,'2018-01-13 15:56:21','2018-01-13 15:56:21'),(242,47,'Wellington Johnston','Ab et cum ipsam et iusto beatae ut. Quae neque nesciunt aut ab et non vero. Impedit magni ratione ut nihil nesciunt.',2,'2018-01-13 15:56:21','2018-01-13 15:56:21'),(243,13,'Dr. Dina Mohr','Natus vel consectetur tempore sapiente sed veniam. Quos beatae id eum suscipit incidunt dicta sunt omnis.',0,'2018-01-13 15:56:21','2018-01-13 15:56:21'),(244,7,'Giovani Bartoletti','Suscipit id fugiat accusamus. Excepturi velit dolorum eligendi quod. Nihil doloribus accusamus possimus ea et repudiandae.',1,'2018-01-13 15:56:21','2018-01-13 15:56:21'),(245,46,'Germaine Boyer','Eveniet repudiandae voluptatem aut id nemo veritatis. Dolorem iste provident qui repudiandae temporibus. Aliquid repellat impedit perferendis et.',5,'2018-01-13 15:56:21','2018-01-13 15:56:21'),(246,10,'Mr. Wilhelm Mann II','Dolorem voluptatem impedit libero sapiente id harum deleniti. Enim qui earum at accusantium et. Soluta amet ut saepe minus.',0,'2018-01-13 15:56:21','2018-01-13 15:56:21'),(247,33,'Prof. Jade Oberbrunner','Hic numquam voluptatibus deleniti et tempore. Beatae error maiores asperiores incidunt. Esse similique et dolor recusandae.',4,'2018-01-13 15:56:21','2018-01-13 15:56:21'),(248,44,'Nakia Brown V','Placeat repellat vitae eos perspiciatis. Dolor hic aut nam nulla. Modi magni fuga nostrum sunt sit illo tempora.',1,'2018-01-13 15:56:21','2018-01-13 15:56:21'),(249,13,'Jewel White','Quos qui neque pariatur suscipit. Voluptatem et consequatur fugit voluptatem tenetur. Voluptatibus aspernatur officia ut nesciunt eos natus. Tenetur incidunt et aut molestias inventore a. Enim eos est qui qui quasi esse.',2,'2018-01-13 15:56:21','2018-01-13 15:56:21'),(250,13,'Miss Asha Wunsch','Voluptas expedita consequuntur minima laborum. Illum temporibus illo minus aut similique labore vero.',3,'2018-01-13 15:56:21','2018-01-13 15:56:21'),(251,28,'Eleanore Walsh','Quia quisquam voluptas error omnis. Itaque doloribus reiciendis ut eum. Odio rem animi iusto nobis itaque.',4,'2018-01-13 15:56:21','2018-01-13 15:56:21'),(252,5,'Rose Will','Quod blanditiis quia mollitia quasi cupiditate vel quasi ipsa. Harum fugiat laboriosam incidunt eligendi ab distinctio. Numquam ducimus ipsum sed dolor debitis quis. Error qui est in aperiam labore occaecati consequatur.',1,'2018-01-13 15:56:21','2018-01-13 15:56:21'),(253,31,'Paula Bosco','Dicta et veritatis ipsam atque et doloremque. Inventore quo id architecto ipsam. Porro minus fugit voluptatem accusamus.',3,'2018-01-13 15:56:21','2018-01-13 15:56:21'),(254,16,'Joshuah Olson','Minima fuga ea commodi exercitationem. Voluptas architecto et et occaecati. Quis molestiae doloremque tempore voluptatum natus. Nihil et et consequatur aut velit velit.',5,'2018-01-13 15:56:21','2018-01-13 15:56:21'),(255,33,'Dr. Maeve Koch Jr.','Assumenda ut est consequatur dolores similique culpa. Fugit enim quaerat et velit rerum. Facilis illo est reiciendis voluptatum ut tempora. Cum quidem sed vel temporibus omnis et dolorum.',2,'2018-01-13 15:56:21','2018-01-13 15:56:21'),(256,25,'Dr. Selina Kling I','Atque enim qui amet inventore iste. Et et porro ab natus dolorem vel recusandae. Et sed facilis beatae debitis molestiae. Aperiam accusamus ex quidem.',2,'2018-01-13 15:56:21','2018-01-13 15:56:21'),(257,6,'Camilla Shields','Corrupti id assumenda laborum quisquam commodi praesentium sed. Est perferendis aut quasi dolorum rerum et commodi.',5,'2018-01-13 15:56:21','2018-01-13 15:56:21'),(258,25,'Crystal Volkman DVM','Et labore eius sed laudantium perspiciatis repudiandae placeat cum. Voluptatem vero commodi est vero eaque rerum dolorum magnam. Consectetur voluptatem ea quas tempora aperiam.',0,'2018-01-13 15:56:21','2018-01-13 15:56:21'),(259,35,'Miss Maribel Bechtelar','Non ipsum soluta pariatur earum. Itaque itaque dignissimos pariatur sit inventore cum placeat. Omnis harum error cum culpa harum. Ut repudiandae repellendus id occaecati.',1,'2018-01-13 15:56:21','2018-01-13 15:56:21'),(260,11,'Geovany Ankunding','Excepturi est a magnam quia cumque. Voluptatem libero voluptates voluptas nemo nam cum. Itaque qui animi esse nobis rerum ducimus accusamus. Sit quis libero error optio.',2,'2018-01-13 15:56:21','2018-01-13 15:56:21'),(261,12,'Vincenza Jacobi','Ipsa aperiam non quisquam dolor et fuga explicabo. Illo deserunt saepe pariatur aperiam id expedita optio.',0,'2018-01-13 15:56:21','2018-01-13 15:56:21'),(262,43,'Rey Gerhold','Qui expedita officia recusandae quis a cumque soluta exercitationem. Omnis quisquam ex eaque alias fugit id rem et. Exercitationem et sit commodi neque. Itaque id eos mollitia vero. Occaecati in sequi ab cumque dolor sit minima.',1,'2018-01-13 15:56:22','2018-01-13 15:56:22'),(263,25,'Jose Johns','Rem et nihil placeat id fugiat. Est doloribus quia asperiores eum et. Non ut ad dolorem tempora sint voluptates quo. Inventore ipsa assumenda nostrum.',1,'2018-01-13 15:56:22','2018-01-13 15:56:22'),(264,5,'Prof. Milo Purdy','Enim ad quibusdam libero et consequatur quia magnam. Non necessitatibus totam reiciendis. Consequatur unde ut asperiores maxime voluptas vitae quos. Iusto necessitatibus aut sunt pariatur quia exercitationem voluptas consequatur.',3,'2018-01-13 15:56:22','2018-01-13 15:56:22'),(265,46,'Albina Cummings','Rerum dicta est rerum dolorem tempore sit. Modi hic fuga est doloribus sunt et rerum. Eligendi aut et corrupti amet dolorum quia error. Deserunt ipsam odit itaque et iusto consectetur.',1,'2018-01-13 15:56:22','2018-01-13 15:56:22'),(266,14,'Doug Wiza','Ut provident eos modi iure tempora. Quae totam eum ut est facere. Ut ipsam dolores qui expedita ea explicabo.',2,'2018-01-13 15:56:22','2018-01-13 15:56:22'),(267,24,'Elena Rosenbaum','Quis voluptatibus voluptatum repudiandae ut ex explicabo. Rerum saepe quis impedit dolor. Dignissimos deserunt voluptatum fugit voluptas dignissimos ducimus. Voluptas fugiat placeat voluptatem harum et quasi minus.',0,'2018-01-13 15:56:22','2018-01-13 15:56:22'),(268,5,'Karine Beier','Minima autem id rerum placeat. Quia sequi rerum voluptas et. Minima et id rerum quam.',5,'2018-01-13 15:56:22','2018-01-13 15:56:22'),(269,18,'Prof. Alfred Kuhn Sr.','Amet voluptas et fugit sunt voluptate iste natus. Optio delectus velit fugit quos. Dicta et aut aut voluptate. Eum et nostrum officiis est quasi animi.',2,'2018-01-13 15:56:22','2018-01-13 15:56:22'),(270,20,'Maryjane Trantow','Quidem tempore sed non et. Dolorem aut voluptatem facilis voluptatem qui aperiam.',0,'2018-01-13 15:56:22','2018-01-13 15:56:22'),(271,25,'Antonette Bins','Tempora sit odit eos omnis quam. Quia enim corporis quisquam. Esse amet exercitationem vero eos est.',4,'2018-01-13 15:56:22','2018-01-13 15:56:22'),(272,19,'Nicolas Wilkinson III','Consequatur ea explicabo fuga officiis laudantium necessitatibus. Expedita nulla fugit corporis aut. Tempora assumenda aut omnis nihil ut. Deserunt quibusdam facilis quo qui cum fugit enim totam. Beatae accusantium tenetur et soluta omnis.',4,'2018-01-13 15:56:22','2018-01-13 15:56:22'),(273,36,'Mr. Colt Parker V','Dolores aut laborum veniam corporis. Ex optio omnis nemo dolores rem. Aut dignissimos aspernatur architecto est itaque minima. Possimus vero natus consequatur libero.',5,'2018-01-13 15:56:22','2018-01-13 15:56:22'),(274,50,'Ms. Callie Rath','Repellendus porro amet consequatur ex reprehenderit voluptatum. Quasi voluptate nemo illo ad eligendi. Eius provident iure ipsa adipisci veniam magni et nihil.',4,'2018-01-13 15:56:22','2018-01-13 15:56:22'),(275,24,'Mr. Irwin Conroy DDS','Accusantium nihil qui ab quod laudantium perspiciatis id rerum. Eaque qui eos quas eos dolorem esse ab. Temporibus quod culpa consequatur expedita dolor suscipit. Ut molestiae atque beatae assumenda dolores.',3,'2018-01-13 15:56:22','2018-01-13 15:56:22'),(276,22,'Gerardo Sauer','Quia autem quos qui soluta corporis illo ut autem. Similique assumenda incidunt officiis voluptate. Dolorem cumque et omnis similique nihil quae illo.',5,'2018-01-13 15:56:22','2018-01-13 15:56:22'),(277,21,'Dr. Candido Ryan I','Vitae eos repellendus est facilis. Consequatur est consequatur veniam qui dolores est. Dignissimos delectus corrupti et est itaque. Repellat ipsam sed hic et et distinctio.',1,'2018-01-13 15:56:22','2018-01-13 15:56:22'),(278,4,'Henderson Rempel','Eos a ipsum architecto cum fuga. Architecto ullam quam voluptatibus et qui. Ut officia animi ut voluptas. Nostrum aut minus eum nemo in voluptatum.',0,'2018-01-13 15:56:22','2018-01-13 15:56:22'),(279,36,'Bailee Rutherford','Aperiam et autem quis eius dolor distinctio itaque quos. Non voluptatem perspiciatis facilis aspernatur. Et accusamus fuga laudantium neque sit impedit omnis. Vel dolor eligendi omnis similique.',3,'2018-01-13 15:56:22','2018-01-13 15:56:22'),(280,30,'Carrie Gerhold I','Facilis placeat dolore quaerat unde est provident. Quae corrupti fuga ea et laudantium. Et numquam expedita ut illo. Nisi quos quia perferendis.',0,'2018-01-13 15:56:22','2018-01-13 15:56:22'),(281,34,'Roman Kovacek DVM','Enim omnis similique unde totam expedita. Qui quae quaerat non quasi dolor dolorem quam. Adipisci suscipit sit velit ab nemo explicabo est.',1,'2018-01-13 15:56:22','2018-01-13 15:56:22'),(282,38,'Leonel Franecki IV','Dolorem quia impedit aut repudiandae quas consectetur nam. Aut nobis necessitatibus adipisci magni consequatur suscipit esse.',0,'2018-01-13 15:56:22','2018-01-13 15:56:22'),(283,31,'Breanne Rau II','Doloribus nam omnis et dicta. Dolorem quae reprehenderit reiciendis sint ea mollitia id. Veritatis iusto fugiat quo delectus est. Rerum ut eveniet magnam voluptatem itaque voluptatibus.',5,'2018-01-13 15:56:22','2018-01-13 15:56:22'),(284,47,'Ms. Maegan Lang IV','Iusto quasi illo nulla accusamus omnis qui. Culpa sed officia ullam sequi ab vitae aut quidem. Ut facilis qui delectus veritatis voluptas eos nihil.',0,'2018-01-13 15:56:22','2018-01-13 15:56:22'),(285,12,'Julio Cassin','Praesentium aut voluptas autem cum cupiditate nostrum. A maxime porro ea quae corrupti. Sequi quia sed ea debitis voluptas. Esse perspiciatis nesciunt dolorem in odio et voluptates ullam.',5,'2018-01-13 15:56:22','2018-01-13 15:56:22'),(286,25,'Gardner Rowe','Dolore fugit dolor occaecati laborum velit sequi adipisci. Voluptas est nihil laboriosam suscipit quo veniam. Beatae aut reiciendis fuga repellat quisquam est repellat dolorum.',3,'2018-01-13 15:56:22','2018-01-13 15:56:22'),(287,22,'Ms. Pascale Thiel V','Tempora quas est est suscipit in. Voluptatem magnam sit aut rem corporis nisi. Accusamus fugit qui quia quis veritatis quae assumenda. Repellendus quas cumque non rerum ut aut culpa.',4,'2018-01-13 15:56:22','2018-01-13 15:56:22'),(288,28,'Brett Balistreri','Ea perspiciatis molestiae et quis aut sequi. Esse quisquam et quidem sunt eum eveniet vitae enim. Est non sunt rerum.',3,'2018-01-13 15:56:22','2018-01-13 15:56:22'),(289,46,'Norris Boehm','Suscipit beatae occaecati placeat alias sint nihil nobis. Veniam voluptates ducimus est repudiandae quo blanditiis tenetur. Laboriosam sed voluptas animi culpa rerum molestiae aspernatur.',5,'2018-01-13 15:56:23','2018-01-13 15:56:23'),(290,33,'Dr. Monty Price','Et velit tempora nobis totam nobis dolores. Ex labore eos quia facilis omnis quos eius. Sit excepturi dolor nisi autem autem et qui.',1,'2018-01-13 15:56:23','2018-01-13 15:56:23'),(291,16,'Mr. Jett Gerlach IV','Et adipisci vero doloribus pariatur eius in. Facere nemo et aut neque ut ipsa. Quos harum occaecati enim in sint vitae maxime.',0,'2018-01-13 15:56:23','2018-01-13 15:56:23'),(292,26,'Mr. Torey Grady','Recusandae inventore aut tempore inventore et eum excepturi. Ipsam ut ut sunt tenetur deserunt. Voluptatibus est consequatur vitae quae et ducimus corporis distinctio. Itaque deleniti nobis placeat. Est eligendi et rerum sed non repellendus.',3,'2018-01-13 15:56:23','2018-01-13 15:56:23'),(293,50,'Abel Turner','Ipsa deleniti quod quibusdam sit omnis quo. Aliquam voluptatem id officia. Sit dicta veritatis quaerat ullam. Ex pariatur modi velit ut eos.',5,'2018-01-13 15:56:23','2018-01-13 15:56:23'),(294,43,'Janae Rogahn','Consectetur beatae aspernatur voluptatem ut cum ut dolorem consequuntur. Eveniet est fugit officiis saepe architecto esse neque.',4,'2018-01-13 15:56:23','2018-01-13 15:56:23'),(295,18,'Lorenza Schoen','Consequatur qui et totam. Modi quo dolores perspiciatis animi porro dolorem facere ratione. Dolore consequatur sit pariatur hic nam et.',0,'2018-01-13 15:56:23','2018-01-13 15:56:23'),(296,17,'Miss Micaela Wunsch DDS','Dolor iure eius sit et. Possimus voluptatem nisi ex nihil. Voluptas dolores eveniet voluptatem earum et qui quam. Eum temporibus dolores fugiat et enim illo voluptatem necessitatibus. Esse in non sequi ab sunt repudiandae.',4,'2018-01-13 15:56:23','2018-01-13 15:56:23'),(297,21,'Prof. Tyshawn Kuphal DVM','Quisquam labore et inventore ullam sed. Rerum et debitis repudiandae rerum voluptas et. Corrupti aut natus itaque et quas autem cupiditate in.',1,'2018-01-13 15:56:23','2018-01-13 15:56:23'),(298,48,'Eileen Wilkinson Sr.','Omnis asperiores inventore reiciendis occaecati vel vitae. Qui perferendis fugiat et blanditiis voluptate. Ipsam consequatur veritatis dolores maiores dolore voluptatem.',2,'2018-01-13 15:56:23','2018-01-13 15:56:23'),(299,39,'Prof. Orie Bayer DVM','Voluptatem laborum velit qui. Unde quis omnis velit voluptatibus. Fuga voluptatem optio quo et neque.',2,'2018-01-13 15:56:23','2018-01-13 15:56:23'),(300,38,'Clementina Turner','In quidem qui exercitationem autem maxime. Commodi incidunt labore quasi exercitationem eum ducimus. Recusandae voluptatum fugiat veniam corporis. Quisquam natus unde rem.',4,'2018-01-13 15:56:23','2018-01-13 15:56:23');

/*Table structure for table `users` */

DROP TABLE IF EXISTS `users`;

CREATE TABLE `users` (
  `id` int(10) unsigned NOT NULL AUTO_INCREMENT,
  `name` varchar(255) COLLATE utf8mb4_unicode_ci NOT NULL,
  `email` varchar(255) COLLATE utf8mb4_unicode_ci NOT NULL,
  `password` varchar(255) COLLATE utf8mb4_unicode_ci NOT NULL,
  `remember_token` varchar(100) COLLATE utf8mb4_unicode_ci DEFAULT NULL,
  `created_at` timestamp NULL DEFAULT NULL,
  `updated_at` timestamp NULL DEFAULT NULL,
  PRIMARY KEY (`id`),
  UNIQUE KEY `users_email_unique` (`email`)
) ENGINE=InnoDB DEFAULT CHARSET=utf8mb4 COLLATE=utf8mb4_unicode_ci;

/*Data for the table `users` */

/*!40101 SET SQL_MODE=@OLD_SQL_MODE */;
/*!40014 SET FOREIGN_KEY_CHECKS=@OLD_FOREIGN_KEY_CHECKS */;
/*!40014 SET UNIQUE_CHECKS=@OLD_UNIQUE_CHECKS */;
/*!40111 SET SQL_NOTES=@OLD_SQL_NOTES */;
